﻿date,item,grade,price_per_kg
2025-07-23,아스파라거스 국산,하,6614
2025-07-22,아스파라거스 국산,하,7525
2025-07-21,아스파라거스 국산,하,7826
2025-07-19,아스파라거스 국산,하,7141
2025-07-18,아스파라거스 국산,하,7622
2025-07-17,아스파라거스 국산,하,8789
2025-07-16,아스파라거스 국산,하,7779
2025-07-15,아스파라거스 국산,하,7634
2025-07-14,아스파라거스 국산,하,7251
2025-07-12,아스파라거스 국산,하,6622
2025-07-11,아스파라거스 국산,하,6548
2025-07-10,아스파라거스 국산,하,5939
2025-07-09,아스파라거스 국산,하,6188
2025-07-08,아스파라거스 국산,하,6431
2025-07-07,아스파라거스 국산,하,5614
2025-07-05,아스파라거스 국산,하,4202
2025-07-04,아스파라거스 국산,하,5636
2025-07-03,아스파라거스 국산,하,6064
2025-07-02,아스파라거스 국산,하,6877
2025-07-01,아스파라거스 국산,하,6526
2025-06-30,아스파라거스 국산,하,6912
2025-06-28,아스파라거스 국산,하,7533
2025-06-27,아스파라거스 국산,하,8083
2025-06-26,아스파라거스 국산,하,8815
2025-06-25,아스파라거스 국산,하,8443
2025-06-24,아스파라거스 국산,하,8373
2025-06-23,아스파라거스 국산,하,9261
2025-06-21,아스파라거스 국산,하,8930
2025-06-20,아스파라거스 국산,하,9942
2025-06-19,아스파라거스 국산,하,11174
2025-06-18,아스파라거스 국산,하,11637
2025-06-17,아스파라거스 국산,하,12762
2025-06-16,아스파라거스 국산,하,12867
2025-06-14,아스파라거스 국산,하,12301
2025-06-13,아스파라거스 국산,하,13589
2025-06-12,아스파라거스 국산,하,12533
2025-06-11,아스파라거스 국산,하,11759
2025-06-10,아스파라거스 국산,하,9678
2025-06-09,아스파라거스 국산,하,12217
2025-06-07,아스파라거스 국산,하,11799
2025-06-06,아스파라거스 국산,하,11273
2025-06-05,아스파라거스 국산,하,11871
2025-06-04,아스파라거스 국산,하,11249
2025-06-03,아스파라거스 국산,하,12149
2025-06-02,아스파라거스 국산,하,13094
2025-05-31,아스파라거스 국산,하,9824
2025-05-30,아스파라거스 국산,하,14589
2025-05-29,아스파라거스 국산,하,13620
2025-05-28,아스파라거스 국산,하,11401
2025-05-27,아스파라거스 국산,하,11453
2025-05-26,아스파라거스 국산,하,9682
2025-05-24,아스파라거스 국산,하,8970
2025-05-23,아스파라거스 국산,하,9419
2025-05-22,아스파라거스 국산,하,9413
2025-05-21,아스파라거스 국산,하,9133
2025-05-20,아스파라거스 국산,하,8789
2025-05-19,아스파라거스 국산,하,8973
2025-05-17,아스파라거스 국산,하,8057
2025-05-16,아스파라거스 국산,하,9045
2025-05-15,아스파라거스 국산,하,9606
2025-05-14,아스파라거스 국산,하,8274
2025-05-13,아스파라거스 국산,하,8213
2025-05-12,아스파라거스 국산,하,8060
2025-05-10,아스파라거스 국산,하,9126
2025-05-09,아스파라거스 국산,하,9983
2025-05-08,아스파라거스 국산,하,10268
2025-05-07,아스파라거스 국산,하,8801
2025-05-06,아스파라거스 국산,하,9803
2025-05-05,아스파라거스 국산,하,7706
2025-05-03,아스파라거스 국산,하,9537
2025-05-02,아스파라거스 국산,하,9964
2025-05-01,아스파라거스 국산,하,8940
2025-04-30,아스파라거스 국산,하,7062
2025-04-29,아스파라거스 국산,하,7083
2025-04-28,아스파라거스 국산,하,5506
2025-04-26,아스파라거스 국산,하,5439
2025-04-25,아스파라거스 국산,하,4669
2025-04-24,아스파라거스 국산,하,4299
2025-04-23,아스파라거스 국산,하,4072
2025-04-22,아스파라거스 국산,하,5448
2025-04-21,아스파라거스 국산,하,5551
2025-04-19,아스파라거스 국산,하,9799
2025-04-18,아스파라거스 국산,하,10494
2025-04-17,아스파라거스 국산,하,9921
2025-04-16,아스파라거스 국산,하,10255
2025-04-15,아스파라거스 국산,하,10120
2025-04-14,아스파라거스 국산,하,11490
2025-04-12,아스파라거스 국산,하,10414
2025-04-11,아스파라거스 국산,하,13373
2025-04-10,아스파라거스 국산,하,12868
2025-04-09,아스파라거스 국산,하,14274
2025-04-08,아스파라거스 국산,하,12996
2025-04-07,아스파라거스 국산,하,12584
2025-04-05,아스파라거스 국산,하,12183
2025-04-04,아스파라거스 국산,하,11244
2025-04-03,아스파라거스 국산,하,11350
2025-04-02,아스파라거스 국산,하,10956
2025-04-01,아스파라거스 국산,하,10542
2025-03-31,아스파라거스 국산,하,10254
2025-03-29,아스파라거스 국산,하,8510
2025-03-28,아스파라거스 국산,하,10938
2025-03-27,아스파라거스 국산,하,12376
2025-03-26,아스파라거스 국산,하,12405
2025-03-25,아스파라거스 국산,하,12990
2025-03-24,아스파라거스 국산,하,14738
2025-03-22,아스파라거스 국산,하,19193
2025-03-21,아스파라거스 국산,하,18016
2025-03-20,아스파라거스 국산,하,20455
2025-03-19,아스파라거스 국산,하,16566
2025-03-18,아스파라거스 국산,하,16929
2025-03-17,아스파라거스 국산,하,17176
2025-03-15,아스파라거스 국산,하,18276
2025-03-14,아스파라거스 국산,하,16622
2025-03-13,아스파라거스 국산,하,19000
2025-03-12,아스파라거스 국산,하,16625
2025-03-11,아스파라거스 국산,하,15064
2025-03-10,아스파라거스 국산,하,15064
2025-03-08,아스파라거스 국산,하,15153
2025-03-07,아스파라거스 국산,하,15153
2025-03-06,아스파라거스 국산,하,14939
2025-03-04,아스파라거스 국산,하,14939
2025-03-03,아스파라거스 국산,하,14939
2025-03-01,아스파라거스 국산,하,15200
2025-02-28,아스파라거스 국산,하,15200
2025-02-27,아스파라거스 국산,하,23953
2025-02-26,아스파라거스 국산,하,23953
2025-02-25,아스파라거스 국산,하,23953
2025-02-24,아스파라거스 국산,하,23953
2025-02-17,아스파라거스 국산,하,19038
2025-02-15,아스파라거스 국산,하,19038
2025-02-14,아스파라거스 국산,하,19038
2025-02-13,아스파라거스 국산,하,19038
2025-02-11,아스파라거스 국산,하,19038
2025-02-10,아스파라거스 국산,하,19038
2025-02-08,아스파라거스 국산,하,19038
2025-02-07,아스파라거스 국산,하,19038
2025-02-06,아스파라거스 국산,하,24643
2025-02-05,아스파라거스 국산,하,24643
2025-02-04,아스파라거스 국산,하,24643
2025-02-03,아스파라거스 국산,하,24643
2024-11-13,아스파라거스 국산,하,12682
2024-11-12,아스파라거스 국산,하,12682
2024-11-11,아스파라거스 국산,하,12682
2024-11-09,아스파라거스 국산,하,12682
2024-11-08,아스파라거스 국산,하,12682
2024-11-07,아스파라거스 국산,하,12682
2024-11-06,아스파라거스 국산,하,12682
2024-11-05,아스파라거스 국산,하,24125
2024-11-04,아스파라거스 국산,하,24125
2024-11-02,아스파라거스 국산,하,24125
2024-11-01,아스파라거스 국산,하,24125
2024-10-31,아스파라거스 국산,하,17811
2024-10-30,아스파라거스 국산,하,17811
2024-10-29,아스파라거스 국산,하,12764
2024-10-28,아스파라거스 국산,하,12764
2024-10-26,아스파라거스 국산,하,12764
2024-10-25,아스파라거스 국산,하,12764
2024-10-24,아스파라거스 국산,하,12615
2024-10-23,아스파라거스 국산,하,13530
2024-10-22,아스파라거스 국산,하,16083
2024-10-21,아스파라거스 국산,하,14619
2024-10-19,아스파라거스 국산,하,16030
2024-10-18,아스파라거스 국산,하,16880
2024-10-17,아스파라거스 국산,하,13216
2024-10-16,아스파라거스 국산,하,17785
2024-10-15,아스파라거스 국산,하,14332
2024-10-14,아스파라거스 국산,하,13978
2024-10-12,아스파라거스 국산,하,13607
2024-10-11,아스파라거스 국산,하,14017
2024-10-10,아스파라거스 국산,하,11923
2024-10-09,아스파라거스 국산,하,11333
2024-10-08,아스파라거스 국산,하,11626
2024-10-07,아스파라거스 국산,하,12394
2024-10-05,아스파라거스 국산,하,10914
2024-10-04,아스파라거스 국산,하,12637
2024-10-03,아스파라거스 국산,하,9318
2024-10-02,아스파라거스 국산,하,10259
2024-10-01,아스파라거스 국산,하,8213
2024-09-30,아스파라거스 국산,하,8734
2024-09-28,아스파라거스 국산,하,8878
2024-09-27,아스파라거스 국산,하,10714
2024-09-26,아스파라거스 국산,하,8664
2024-09-25,아스파라거스 국산,하,8499
2024-09-24,아스파라거스 국산,하,8045
2024-09-23,아스파라거스 국산,하,6856
2024-09-21,아스파라거스 국산,하,7779
2024-09-20,아스파라거스 국산,하,6975
2024-09-16,아스파라거스 국산,하,6600
2024-09-14,아스파라거스 국산,하,3472
2024-09-13,아스파라거스 국산,하,3881
2024-09-12,아스파라거스 국산,하,5424
2024-09-11,아스파라거스 국산,하,5523
2024-09-10,아스파라거스 국산,하,6281
2024-09-09,아스파라거스 국산,하,6184
2024-09-07,아스파라거스 국산,하,5239
2024-09-06,아스파라거스 국산,하,5675
2024-09-05,아스파라거스 국산,하,5824
2024-09-04,아스파라거스 국산,하,4858
2024-09-03,아스파라거스 국산,하,5787
2024-09-02,아스파라거스 국산,하,6344
2024-08-31,아스파라거스 국산,하,6640
2024-08-30,아스파라거스 국산,하,6921
2024-08-29,아스파라거스 국산,하,7342
2024-08-28,아스파라거스 국산,하,6476
2024-08-27,아스파라거스 국산,하,6078
2024-08-26,아스파라거스 국산,하,6303
2024-08-24,아스파라거스 국산,하,5651
2024-08-23,아스파라거스 국산,하,6141
2024-08-22,아스파라거스 국산,하,6983
2024-08-21,아스파라거스 국산,하,6497
2024-08-20,아스파라거스 국산,하,6401
2024-08-19,아스파라거스 국산,하,5239
2024-08-17,아스파라거스 국산,하,6278
2024-08-16,아스파라거스 국산,하,5185
2024-08-15,아스파라거스 국산,하,5252
2024-08-14,아스파라거스 국산,하,4313
2024-08-13,아스파라거스 국산,하,5118
2024-08-12,아스파라거스 국산,하,6394
2024-08-10,아스파라거스 국산,하,7201
2024-08-09,아스파라거스 국산,하,5702
2024-08-08,아스파라거스 국산,하,4717
2024-08-07,아스파라거스 국산,하,4776
2024-08-06,아스파라거스 국산,하,4308
2024-08-05,아스파라거스 국산,하,3702
2024-08-02,아스파라거스 국산,하,2593
2024-08-01,아스파라거스 국산,하,2985
2024-07-31,아스파라거스 국산,하,2741
2024-07-30,아스파라거스 국산,하,3700
2024-07-29,아스파라거스 국산,하,3638
2024-07-27,아스파라거스 국산,하,3733
2024-07-26,아스파라거스 국산,하,2767
2024-07-25,아스파라거스 국산,하,3185
2024-07-24,아스파라거스 국산,하,4172
2024-07-23,아스파라거스 국산,하,3951
2024-07-22,아스파라거스 국산,하,3500
2024-07-20,아스파라거스 국산,하,3180
2024-07-19,아스파라거스 국산,하,3100
2024-07-18,아스파라거스 국산,하,2899
2024-07-17,아스파라거스 국산,하,5064
2024-07-16,아스파라거스 국산,하,6424
2024-07-15,아스파라거스 국산,하,6651
2024-07-13,아스파라거스 국산,하,4538
2024-07-12,아스파라거스 국산,하,3201
2024-07-11,아스파라거스 국산,하,2462
2024-07-10,아스파라거스 국산,하,2488
2024-07-09,아스파라거스 국산,하,3011
2024-07-08,아스파라거스 국산,하,3354
2024-07-06,아스파라거스 국산,하,3382
2024-07-05,아스파라거스 국산,하,4428
2024-07-04,아스파라거스 국산,하,4600
2024-07-03,아스파라거스 국산,하,5153
2024-07-02,아스파라거스 국산,하,6240
2024-07-01,아스파라거스 국산,하,5246
2024-06-29,아스파라거스 국산,하,5223
2024-06-28,아스파라거스 국산,하,5817
2024-06-27,아스파라거스 국산,하,5633
2024-06-26,아스파라거스 국산,하,5879
2024-06-25,아스파라거스 국산,하,6100
2024-06-24,아스파라거스 국산,하,6681
2024-06-22,아스파라거스 국산,하,6383
2024-06-21,아스파라거스 국산,하,6350
2024-06-20,아스파라거스 국산,하,4474
2024-06-19,아스파라거스 국산,하,4915
2024-06-18,아스파라거스 국산,하,7076
2024-06-17,아스파라거스 국산,하,7437
2024-06-15,아스파라거스 국산,하,8547
2024-06-14,아스파라거스 국산,하,10103
2024-06-13,아스파라거스 국산,하,10067
2024-06-12,아스파라거스 국산,하,10359
2024-06-11,아스파라거스 국산,하,10664
2024-06-10,아스파라거스 국산,하,10969
2024-06-08,아스파라거스 국산,하,12408
2024-06-07,아스파라거스 국산,하,12914
2024-06-06,아스파라거스 국산,하,12524
2024-06-05,아스파라거스 국산,하,11711
2024-06-04,아스파라거스 국산,하,11151
2024-06-03,아스파라거스 국산,하,9567
2024-06-01,아스파라거스 국산,하,9774
2024-05-31,아스파라거스 국산,하,10073
2024-05-30,아스파라거스 국산,하,10050
2024-05-29,아스파라거스 국산,하,9111
2024-05-28,아스파라거스 국산,하,8779
2024-05-27,아스파라거스 국산,하,9686
2024-05-25,아스파라거스 국산,하,8673
2024-05-24,아스파라거스 국산,하,9966
2024-05-23,아스파라거스 국산,하,9472
2024-05-22,아스파라거스 국산,하,9518
2024-05-21,아스파라거스 국산,하,8524
2024-05-20,아스파라거스 국산,하,9725
2024-05-18,아스파라거스 국산,하,10615
2024-05-17,아스파라거스 국산,하,8587
2024-05-16,아스파라거스 국산,하,8156
2024-05-15,아스파라거스 국산,하,8231
2024-05-14,아스파라거스 국산,하,8043
2024-05-13,아스파라거스 국산,하,8108
2024-05-11,아스파라거스 국산,하,6978
2024-05-10,아스파라거스 국산,하,7311
2024-05-09,아스파라거스 국산,하,5914
2024-05-08,아스파라거스 국산,하,5541
2024-05-07,아스파라거스 국산,하,5218
2024-05-06,아스파라거스 국산,하,5745
2024-05-04,아스파라거스 국산,하,4949
2024-05-03,아스파라거스 국산,하,4289
2024-05-02,아스파라거스 국산,하,3684
2024-05-01,아스파라거스 국산,하,3884
2024-04-30,아스파라거스 국산,하,5252
2024-04-29,아스파라거스 국산,하,5658
2024-04-27,아스파라거스 국산,하,6614
2024-04-26,아스파라거스 국산,하,7660
2024-04-25,아스파라거스 국산,하,6356
2024-04-24,아스파라거스 국산,하,6090
2024-04-23,아스파라거스 국산,하,5880
2024-04-22,아스파라거스 국산,하,5745
2024-04-20,아스파라거스 국산,하,7885
2024-04-19,아스파라거스 국산,하,7730
2024-04-18,아스파라거스 국산,하,8037
2024-04-17,아스파라거스 국산,하,6560
2024-04-16,아스파라거스 국산,하,7241
2024-04-15,아스파라거스 국산,하,7175
2024-04-13,아스파라거스 국산,하,8247
2024-04-12,아스파라거스 국산,하,8567
2024-04-11,아스파라거스 국산,하,8806
2024-04-10,아스파라거스 국산,하,8691
2024-04-09,아스파라거스 국산,하,8924
2024-04-08,아스파라거스 국산,하,9256
2024-04-06,아스파라거스 국산,하,10138
2024-04-05,아스파라거스 국산,하,10243
2024-04-04,아스파라거스 국산,하,10262
2024-04-03,아스파라거스 국산,하,10373
2024-04-02,아스파라거스 국산,하,10226
2024-04-01,아스파라거스 국산,하,12477
2024-03-30,아스파라거스 국산,하,12240
2024-03-29,아스파라거스 국산,하,13199
2024-03-28,아스파라거스 국산,하,13652
2024-03-27,아스파라거스 국산,하,12346
2024-03-26,아스파라거스 국산,하,10911
2024-03-25,아스파라거스 국산,하,9711
2024-03-23,아스파라거스 국산,하,10033
2024-03-22,아스파라거스 국산,하,10328
2024-03-21,아스파라거스 국산,하,11880
2024-03-20,아스파라거스 국산,하,11465
2024-03-19,아스파라거스 국산,하,11935
2024-03-18,아스파라거스 국산,하,13176
2024-03-16,아스파라거스 국산,하,13578
2024-03-15,아스파라거스 국산,하,15083
2024-03-14,아스파라거스 국산,하,18676
2024-03-13,아스파라거스 국산,하,18567
2024-03-12,아스파라거스 국산,하,11093
2024-03-11,아스파라거스 국산,하,21625
2024-03-09,아스파라거스 국산,하,19000
2024-03-08,아스파라거스 국산,하,13070
2024-03-07,아스파라거스 국산,하,17463
2024-03-06,아스파라거스 국산,하,17463
2024-03-05,아스파라거스 국산,하,17463
2024-03-02,아스파라거스 국산,하,18500
2024-03-01,아스파라거스 국산,하,18500
2024-02-28,아스파라거스 국산,하,17569
2024-02-27,아스파라거스 국산,하,17569
2024-02-21,아스파라거스 국산,하,18955
2024-02-20,아스파라거스 국산,하,18955
2024-02-19,아스파라거스 국산,하,18955
2024-02-17,아스파라거스 국산,하,18955
2024-02-16,아스파라거스 국산,하,18955
2024-02-15,아스파라거스 국산,하,18955
2024-02-14,아스파라거스 국산,하,18955
2023-11-22,아스파라거스 국산,하,14875
2023-11-21,아스파라거스 국산,하,14875
2023-11-20,아스파라거스 국산,하,14875
2023-11-18,아스파라거스 국산,하,14875
2023-11-17,아스파라거스 국산,하,13864
2023-11-16,아스파라거스 국산,하,13864
2023-11-15,아스파라거스 국산,하,13864
2023-11-14,아스파라거스 국산,하,15500
2023-11-13,아스파라거스 국산,하,15500
2023-11-11,아스파라거스 국산,하,15500
2023-11-10,아스파라거스 국산,하,15500
2023-11-09,아스파라거스 국산,하,15500
2023-11-08,아스파라거스 국산,하,13133
2023-11-07,아스파라거스 국산,하,30946
2023-11-06,아스파라거스 국산,하,30946
2023-11-04,아스파라거스 국산,하,26295
2023-11-03,아스파라거스 국산,하,26295
2023-11-02,아스파라거스 국산,하,23819
2023-11-01,아스파라거스 국산,하,23819
2023-10-31,아스파라거스 국산,하,23819
2023-10-30,아스파라거스 국산,하,11069
2023-10-28,아스파라거스 국산,하,11069
2023-10-27,아스파라거스 국산,하,13598
2023-10-26,아스파라거스 국산,하,14031
2023-10-25,아스파라거스 국산,하,15676
2023-10-24,아스파라거스 국산,하,20700
2023-10-23,아스파라거스 국산,하,20700
2023-10-21,아스파라거스 국산,하,13117
2023-10-20,아스파라거스 국산,하,13706
2023-10-19,아스파라거스 국산,하,11741
2023-10-18,아스파라거스 국산,하,17341
2023-10-17,아스파라거스 국산,하,12132
2023-10-16,아스파라거스 국산,하,11699
2023-10-14,아스파라거스 국산,하,12811
2023-10-13,아스파라거스 국산,하,13776
2023-10-12,아스파라거스 국산,하,14898
2023-10-11,아스파라거스 국산,하,12313
2023-10-10,아스파라거스 국산,하,18649
2023-10-09,아스파라거스 국산,하,14417
2023-10-07,아스파라거스 국산,하,13330
2023-10-06,아스파라거스 국산,하,11729
2023-10-05,아스파라거스 국산,하,13264
2023-10-04,아스파라거스 국산,하,15536
2023-10-03,아스파라거스 국산,하,16724
2023-10-02,아스파라거스 국산,하,15291
2023-09-28,아스파라거스 국산,하,11969
2023-09-27,아스파라거스 국산,하,14777
2023-09-26,아스파라거스 국산,하,11749
2023-09-25,아스파라거스 국산,하,10978
2023-09-23,아스파라거스 국산,하,9718
2023-09-22,아스파라거스 국산,하,9949
2023-09-21,아스파라거스 국산,하,9729
2023-09-20,아스파라거스 국산,하,9494
2023-09-19,아스파라거스 국산,하,9879
2023-09-18,아스파라거스 국산,하,10002
2023-09-16,아스파라거스 국산,하,9158
2023-09-15,아스파라거스 국산,하,9344
2023-09-14,아스파라거스 국산,하,8679
2023-09-13,아스파라거스 국산,하,8472
2023-09-12,아스파라거스 국산,하,8575
2023-09-11,아스파라거스 국산,하,7369
2023-09-09,아스파라거스 국산,하,5752
2023-09-08,아스파라거스 국산,하,5871
2023-09-07,아스파라거스 국산,하,5994
2023-09-06,아스파라거스 국산,하,6685
2023-09-05,아스파라거스 국산,하,6914
2023-09-04,아스파라거스 국산,하,6703
2023-09-02,아스파라거스 국산,하,5690
2023-09-01,아스파라거스 국산,하,5625
2023-08-31,아스파라거스 국산,하,5851
2023-08-30,아스파라거스 국산,하,5783
2023-08-29,아스파라거스 국산,하,5325
2023-08-28,아스파라거스 국산,하,5857
2023-08-26,아스파라거스 국산,하,5710
2023-08-25,아스파라거스 국산,하,5842
2023-08-24,아스파라거스 국산,하,4817
2023-08-23,아스파라거스 국산,하,5168
2023-08-22,아스파라거스 국산,하,5138
2023-08-21,아스파라거스 국산,하,5962
2023-08-19,아스파라거스 국산,하,4907
2023-08-18,아스파라거스 국산,하,5830
2023-08-17,아스파라거스 국산,하,4834
2023-08-16,아스파라거스 국산,하,4751
2023-08-15,아스파라거스 국산,하,4297
2023-08-14,아스파라거스 국산,하,4538
2023-08-12,아스파라거스 국산,하,4423
2023-08-11,아스파라거스 국산,하,5658
2023-08-10,아스파라거스 국산,하,5470
2023-08-09,아스파라거스 국산,하,5793
2023-08-08,아스파라거스 국산,하,5315
2023-08-07,아스파라거스 국산,하,6999
2023-08-04,아스파라거스 국산,하,5357
2023-08-03,아스파라거스 국산,하,8358
2023-08-02,아스파라거스 국산,하,6524
2023-08-01,아스파라거스 국산,하,5212
2023-07-31,아스파라거스 국산,하,5706
2023-07-29,아스파라거스 국산,하,4558
2023-07-28,아스파라거스 국산,하,4316
2023-07-27,아스파라거스 국산,하,4568
2023-07-26,아스파라거스 국산,하,4570
2023-07-25,아스파라거스 국산,하,4067
2023-07-24,아스파라거스 국산,하,4123
2023-07-22,아스파라거스 국산,하,4173
2023-07-21,아스파라거스 국산,하,3786
2023-07-20,아스파라거스 국산,하,4120
2023-07-19,아스파라거스 국산,하,3894
2023-07-18,아스파라거스 국산,하,4163
2023-07-17,아스파라거스 국산,하,4116
2023-07-15,아스파라거스 국산,하,4643
2023-07-14,아스파라거스 국산,하,4192
2023-07-13,아스파라거스 국산,하,4468
2023-07-12,아스파라거스 국산,하,3788
2023-07-11,아스파라거스 국산,하,3207
2023-07-10,아스파라거스 국산,하,4255
2023-07-08,아스파라거스 국산,하,3306
2023-07-07,아스파라거스 국산,하,4109
2023-07-06,아스파라거스 국산,하,3096
2023-07-05,아스파라거스 국산,하,4111
2023-07-04,아스파라거스 국산,하,3879
2023-07-03,아스파라거스 국산,하,4746
2023-07-01,아스파라거스 국산,하,4434
2023-06-30,아스파라거스 국산,하,5829
2023-06-29,아스파라거스 국산,하,5854
2023-06-28,아스파라거스 국산,하,6422
2023-06-27,아스파라거스 국산,하,5781
2023-06-26,아스파라거스 국산,하,6903
2023-06-24,아스파라거스 국산,하,5655
2023-06-23,아스파라거스 국산,하,5722
2023-06-22,아스파라거스 국산,하,6052
2023-06-21,아스파라거스 국산,하,7475
2023-06-20,아스파라거스 국산,하,8357
2023-06-19,아스파라거스 국산,하,10608
2023-06-17,아스파라거스 국산,하,11276
2023-06-16,아스파라거스 국산,하,11682
2023-06-15,아스파라거스 국산,하,9564
2023-06-14,아스파라거스 국산,하,11272
2023-06-13,아스파라거스 국산,하,11317
2023-06-12,아스파라거스 국산,하,13191
2023-06-10,아스파라거스 국산,하,13863
2023-06-09,아스파라거스 국산,하,15045
2023-06-08,아스파라거스 국산,하,15520
2023-06-07,아스파라거스 국산,하,14393
2023-06-06,아스파라거스 국산,하,12240
2023-06-05,아스파라거스 국산,하,10713
2023-06-03,아스파라거스 국산,하,9712
2023-06-02,아스파라거스 국산,하,9054
2023-06-01,아스파라거스 국산,하,10034
2023-05-31,아스파라거스 국산,하,7734
2023-05-30,아스파라거스 국산,하,8918
2023-05-29,아스파라거스 국산,하,9013
2023-05-27,아스파라거스 국산,하,7477
2023-05-26,아스파라거스 국산,하,8055
2023-05-25,아스파라거스 국산,하,7162
2023-05-24,아스파라거스 국산,하,6161
2023-05-23,아스파라거스 국산,하,6186
2023-05-22,아스파라거스 국산,하,6892
2023-05-20,아스파라거스 국산,하,6504
2023-05-19,아스파라거스 국산,하,6690
2023-05-18,아스파라거스 국산,하,7557
2023-05-17,아스파라거스 국산,하,7082
2023-05-16,아스파라거스 국산,하,7870
2023-05-15,아스파라거스 국산,하,8405
2023-05-13,아스파라거스 국산,하,9151
2023-05-12,아스파라거스 국산,하,9539
2023-05-11,아스파라거스 국산,하,8283
2023-05-10,아스파라거스 국산,하,7965
2023-05-09,아스파라거스 국산,하,7253
2023-05-08,아스파라거스 국산,하,7200
2023-05-06,아스파라거스 국산,하,7282
2023-05-05,아스파라거스 국산,하,9311
2023-05-04,아스파라거스 국산,하,9257
2023-05-03,아스파라거스 국산,하,7165
2023-05-02,아스파라거스 국산,하,6427
2023-05-01,아스파라거스 국산,하,5958
2023-04-29,아스파라거스 국산,하,5922
2023-04-28,아스파라거스 국산,하,7283
2023-04-27,아스파라거스 국산,하,5036
2023-04-26,아스파라거스 국산,하,4562
2023-04-25,아스파라거스 국산,하,4272
2023-04-24,아스파라거스 국산,하,4182
2023-04-22,아스파라거스 국산,하,3949
2023-04-21,아스파라거스 국산,하,5965
2023-04-20,아스파라거스 국산,하,6309
2023-04-19,아스파라거스 국산,하,7421
2023-04-18,아스파라거스 국산,하,8336
2023-04-17,아스파라거스 국산,하,8721
2023-04-15,아스파라거스 국산,하,10076
2023-04-14,아스파라거스 국산,하,9418
2023-04-13,아스파라거스 국산,하,8535
2023-04-12,아스파라거스 국산,하,7971
2023-04-11,아스파라거스 국산,하,6898
2023-04-10,아스파라거스 국산,하,6322
2023-04-08,아스파라거스 국산,하,6169
2023-04-07,아스파라거스 국산,하,6536
2023-04-06,아스파라거스 국산,하,7004
2023-04-05,아스파라거스 국산,하,8217
2023-04-04,아스파라거스 국산,하,6968
2023-04-03,아스파라거스 국산,하,8848
2023-04-01,아스파라거스 국산,하,7621
2023-03-31,아스파라거스 국산,하,7432
2023-03-30,아스파라거스 국산,하,7409
2023-03-29,아스파라거스 국산,하,7452
2023-03-28,아스파라거스 국산,하,7435
2023-03-27,아스파라거스 국산,하,7616
2023-03-25,아스파라거스 국산,하,7273
2023-03-24,아스파라거스 국산,하,8354
2023-03-23,아스파라거스 국산,하,7141
2023-03-22,아스파라거스 국산,하,8262
2023-03-21,아스파라거스 국산,하,11231
2023-03-20,아스파라거스 국산,하,9633
2023-03-18,아스파라거스 국산,하,10283
2023-03-17,아스파라거스 국산,하,10743
2023-03-16,아스파라거스 국산,하,13126
2023-03-15,아스파라거스 국산,하,10354
2023-03-14,아스파라거스 국산,하,11070
2023-03-13,아스파라거스 국산,하,9922
2023-03-11,아스파라거스 국산,하,13635
2023-03-10,아스파라거스 국산,하,12888
2023-03-09,아스파라거스 국산,하,15444
2023-03-08,아스파라거스 국산,하,16330
2023-03-07,아스파라거스 국산,하,12669
2023-03-06,아스파라거스 국산,하,12667
2023-03-04,아스파라거스 국산,하,12667
2023-03-03,아스파라거스 국산,하,11750
2023-03-02,아스파라거스 국산,하,11750
2023-03-01,아스파라거스 국산,하,11750
2023-02-28,아스파라거스 국산,하,11750
2023-02-27,아스파라거스 국산,하,11875
2023-02-25,아스파라거스 국산,하,11875
2023-02-24,아스파라거스 국산,하,11875
2023-02-23,아스파라거스 국산,하,11875
2023-02-22,아스파라거스 국산,하,11875
2022-11-17,아스파라거스 국산,하,9375
2022-11-16,아스파라거스 국산,하,9375
2022-11-15,아스파라거스 국산,하,9375
2022-11-14,아스파라거스 국산,하,9375
2022-11-12,아스파라거스 국산,하,9375
2022-11-11,아스파라거스 국산,하,26042
2022-11-10,아스파라거스 국산,하,26042
2022-11-09,아스파라거스 국산,하,26042
2022-11-05,아스파라거스 국산,하,20267
2022-11-04,아스파라거스 국산,하,20267
2022-11-03,아스파라거스 국산,하,20267
2022-11-02,아스파라거스 국산,하,20267
2022-11-01,아스파라거스 국산,하,20267
2022-10-31,아스파라거스 국산,하,21698
2022-10-29,아스파라거스 국산,하,21698
2022-10-28,아스파라거스 국산,하,21698
2022-10-27,아스파라거스 국산,하,20367
2022-10-26,아스파라거스 국산,하,19556
2022-10-25,아스파라거스 국산,하,19556
2022-10-24,아스파라거스 국산,하,16102
2022-10-22,아스파라거스 국산,하,16102
2022-10-21,아스파라거스 국산,하,17019
2022-10-20,아스파라거스 국산,하,20984
2022-10-19,아스파라거스 국산,하,22009
2022-10-18,아스파라거스 국산,하,23264
2022-10-17,아스파라거스 국산,하,15042
2022-10-15,아스파라거스 국산,하,23100
2022-10-14,아스파라거스 국산,하,19673
2022-10-13,아스파라거스 국산,하,16712
2022-10-12,아스파라거스 국산,하,15624
2022-10-11,아스파라거스 국산,하,14395
2022-10-10,아스파라거스 국산,하,15037
2022-10-08,아스파라거스 국산,하,17244
2022-10-07,아스파라거스 국산,하,16690
2022-10-06,아스파라거스 국산,하,18691
2022-10-05,아스파라거스 국산,하,16924
2022-10-04,아스파라거스 국산,하,20006
2022-10-03,아스파라거스 국산,하,13840
2022-10-01,아스파라거스 국산,하,14950
2022-09-30,아스파라거스 국산,하,17996
2022-09-29,아스파라거스 국산,하,16422
2022-09-28,아스파라거스 국산,하,14356
2022-09-27,아스파라거스 국산,하,16042
2022-09-26,아스파라거스 국산,하,15881
2022-09-24,아스파라거스 국산,하,17324
2022-09-23,아스파라거스 국산,하,11269
2022-09-22,아스파라거스 국산,하,11849
2022-09-21,아스파라거스 국산,하,10305
2022-09-20,아스파라거스 국산,하,11414
2022-09-19,아스파라거스 국산,하,9195
2022-09-17,아스파라거스 국산,하,10356
2022-09-16,아스파라거스 국산,하,12347
2022-09-15,아스파라거스 국산,하,12150
2022-09-14,아스파라거스 국산,하,10194
2022-09-13,아스파라거스 국산,하,10372
2022-09-09,아스파라거스 국산,하,4904
2022-09-08,아스파라거스 국산,하,5410
2022-09-07,아스파라거스 국산,하,8930
2022-09-06,아스파라거스 국산,하,8479
2022-09-05,아스파라거스 국산,하,10379
2022-09-03,아스파라거스 국산,하,9718
2022-09-02,아스파라거스 국산,하,9783
2022-09-01,아스파라거스 국산,하,8348
2022-08-31,아스파라거스 국산,하,8415
2022-08-30,아스파라거스 국산,하,8200
2022-08-29,아스파라거스 국산,하,7464
2022-08-27,아스파라거스 국산,하,8212
2022-08-26,아스파라거스 국산,하,7548
2022-08-25,아스파라거스 국산,하,7248
2022-08-24,아스파라거스 국산,하,7216
2022-08-23,아스파라거스 국산,하,7418
2022-08-22,아스파라거스 국산,하,8426
2022-08-20,아스파라거스 국산,하,6711
2022-08-19,아스파라거스 국산,하,9389
2022-08-18,아스파라거스 국산,하,5656
2022-08-17,아스파라거스 국산,하,5940
2022-08-16,아스파라거스 국산,하,5925
2022-08-15,아스파라거스 국산,하,6555
2022-08-13,아스파라거스 국산,하,5988
2022-08-12,아스파라거스 국산,하,4853
2022-08-11,아스파라거스 국산,하,3602
2022-08-10,아스파라거스 국산,하,3492
2022-08-09,아스파라거스 국산,하,4229
2022-08-08,아스파라거스 국산,하,5003
2022-08-06,아스파라거스 국산,하,3960
2022-08-05,아스파라거스 국산,하,3960
2022-08-04,아스파라거스 국산,하,4464
2022-08-03,아스파라거스 국산,하,4076
2022-08-02,아스파라거스 국산,하,4365
2022-08-01,아스파라거스 국산,하,4942
2022-07-30,아스파라거스 국산,하,4868
2022-07-29,아스파라거스 국산,하,5311
2022-07-28,아스파라거스 국산,하,4451
2022-07-27,아스파라거스 국산,하,4538
2022-07-26,아스파라거스 국산,하,4522
2022-07-25,아스파라거스 국산,하,4729
2022-07-23,아스파라거스 국산,하,4378
