﻿date,item,grade,price_per_kg
2025-07-23,아스파라거스 국산,중,8477
2025-07-22,아스파라거스 국산,중,8768
2025-07-21,아스파라거스 국산,중,9187
2025-07-19,아스파라거스 국산,중,8311
2025-07-18,아스파라거스 국산,중,9656
2025-07-17,아스파라거스 국산,중,10728
2025-07-16,아스파라거스 국산,중,9303
2025-07-15,아스파라거스 국산,중,9433
2025-07-14,아스파라거스 국산,중,8936
2025-07-12,아스파라거스 국산,중,8582
2025-07-11,아스파라거스 국산,중,8905
2025-07-10,아스파라거스 국산,중,8088
2025-07-09,아스파라거스 국산,중,8865
2025-07-08,아스파라거스 국산,중,8694
2025-07-07,아스파라거스 국산,중,7721
2025-07-05,아스파라거스 국산,중,6005
2025-07-04,아스파라거스 국산,중,7251
2025-07-03,아스파라거스 국산,중,7440
2025-07-02,아스파라거스 국산,중,8396
2025-07-01,아스파라거스 국산,중,7565
2025-06-30,아스파라거스 국산,중,8793
2025-06-28,아스파라거스 국산,중,9323
2025-06-27,아스파라거스 국산,중,9792
2025-06-26,아스파라거스 국산,중,11782
2025-06-25,아스파라거스 국산,중,10506
2025-06-24,아스파라거스 국산,중,10199
2025-06-23,아스파라거스 국산,중,10541
2025-06-21,아스파라거스 국산,중,11461
2025-06-20,아스파라거스 국산,중,12395
2025-06-19,아스파라거스 국산,중,14269
2025-06-18,아스파라거스 국산,중,13922
2025-06-17,아스파라거스 국산,중,15699
2025-06-16,아스파라거스 국산,중,14928
2025-06-14,아스파라거스 국산,중,14742
2025-06-13,아스파라거스 국산,중,18970
2025-06-12,아스파라거스 국산,중,16970
2025-06-11,아스파라거스 국산,중,14242
2025-06-10,아스파라거스 국산,중,12042
2025-06-09,아스파라거스 국산,중,14541
2025-06-07,아스파라거스 국산,중,14072
2025-06-06,아스파라거스 국산,중,13870
2025-06-05,아스파라거스 국산,중,15053
2025-06-04,아스파라거스 국산,중,14755
2025-06-03,아스파라거스 국산,중,17125
2025-06-02,아스파라거스 국산,중,17107
2025-05-31,아스파라거스 국산,중,13075
2025-05-30,아스파라거스 국산,중,18968
2025-05-29,아스파라거스 국산,중,18988
2025-05-28,아스파라거스 국산,중,18051
2025-05-27,아스파라거스 국산,중,15758
2025-05-26,아스파라거스 국산,중,12209
2025-05-24,아스파라거스 국산,중,11878
2025-05-23,아스파라거스 국산,중,12285
2025-05-22,아스파라거스 국산,중,11517
2025-05-21,아스파라거스 국산,중,10666
2025-05-20,아스파라거스 국산,중,9608
2025-05-19,아스파라거스 국산,중,10045
2025-05-17,아스파라거스 국산,중,9300
2025-05-16,아스파라거스 국산,중,10519
2025-05-15,아스파라거스 국산,중,10402
2025-05-14,아스파라거스 국산,중,9041
2025-05-13,아스파라거스 국산,중,8913
2025-05-12,아스파라거스 국산,중,8693
2025-05-10,아스파라거스 국산,중,9709
2025-05-09,아스파라거스 국산,중,10895
2025-05-08,아스파라거스 국산,중,11850
2025-05-07,아스파라거스 국산,중,9627
2025-05-06,아스파라거스 국산,중,11592
2025-05-05,아스파라거스 국산,중,8577
2025-05-03,아스파라거스 국산,중,11312
2025-05-02,아스파라거스 국산,중,11414
2025-05-01,아스파라거스 국산,중,10596
2025-04-30,아스파라거스 국산,중,8480
2025-04-29,아스파라거스 국산,중,8342
2025-04-28,아스파라거스 국산,중,6600
2025-04-26,아스파라거스 국산,중,7338
2025-04-25,아스파라거스 국산,중,5503
2025-04-24,아스파라거스 국산,중,4804
2025-04-23,아스파라거스 국산,중,5091
2025-04-22,아스파라거스 국산,중,6215
2025-04-21,아스파라거스 국산,중,6496
2025-04-19,아스파라거스 국산,중,10993
2025-04-18,아스파라거스 국산,중,12362
2025-04-17,아스파라거스 국산,중,12017
2025-04-16,아스파라거스 국산,중,12275
2025-04-15,아스파라거스 국산,중,14046
2025-04-14,아스파라거스 국산,중,14442
2025-04-12,아스파라거스 국산,중,12089
2025-04-11,아스파라거스 국산,중,15842
2025-04-10,아스파라거스 국산,중,15560
2025-04-09,아스파라거스 국산,중,18314
2025-04-08,아스파라거스 국산,중,15652
2025-04-07,아스파라거스 국산,중,14534
2025-04-05,아스파라거스 국산,중,13839
2025-04-04,아스파라거스 국산,중,13176
2025-04-03,아스파라거스 국산,중,13614
2025-04-02,아스파라거스 국산,중,13003
2025-04-01,아스파라거스 국산,중,12632
2025-03-31,아스파라거스 국산,중,12154
2025-03-29,아스파라거스 국산,중,11137
2025-03-28,아스파라거스 국산,중,12764
2025-03-27,아스파라거스 국산,중,13671
2025-03-26,아스파라거스 국산,중,14546
2025-03-25,아스파라거스 국산,중,15597
2025-03-24,아스파라거스 국산,중,18002
2025-03-22,아스파라거스 국산,중,20965
2025-03-21,아스파라거스 국산,중,21248
2025-03-20,아스파라거스 국산,중,22135
2025-03-19,아스파라거스 국산,중,20121
2025-03-18,아스파라거스 국산,중,20399
2025-03-17,아스파라거스 국산,중,19996
2025-03-15,아스파라거스 국산,중,21378
2025-03-14,아스파라거스 국산,중,21078
2025-03-13,아스파라거스 국산,중,21158
2025-03-12,아스파라거스 국산,중,21010
2025-03-11,아스파라거스 국산,중,19808
2025-03-10,아스파라거스 국산,중,19808
2025-03-08,아스파라거스 국산,중,19695
2025-03-07,아스파라거스 국산,중,19695
2025-03-06,아스파라거스 국산,중,20663
2025-03-04,아스파라거스 국산,중,20663
2025-03-03,아스파라거스 국산,중,20663
2025-03-01,아스파라거스 국산,중,20115
2025-02-28,아스파라거스 국산,중,20115
2025-02-27,아스파라거스 국산,중,26500
2025-02-26,아스파라거스 국산,중,26500
2025-02-25,아스파라거스 국산,중,26500
2025-02-24,아스파라거스 국산,중,26500
2025-02-17,아스파라거스 국산,중,23250
2025-02-15,아스파라거스 국산,중,23250
2025-02-14,아스파라거스 국산,중,23250
2025-02-13,아스파라거스 국산,중,23250
2025-02-11,아스파라거스 국산,중,23250
2025-02-10,아스파라거스 국산,중,23250
2025-02-08,아스파라거스 국산,중,23250
2025-02-07,아스파라거스 국산,중,23250
2025-02-06,아스파라거스 국산,중,28500
2025-02-05,아스파라거스 국산,중,28500
2025-02-04,아스파라거스 국산,중,28500
2025-02-03,아스파라거스 국산,중,28500
2024-11-13,아스파라거스 국산,중,22968
2024-11-12,아스파라거스 국산,중,22968
2024-11-11,아스파라거스 국산,중,22968
2024-11-09,아스파라거스 국산,중,22968
2024-11-08,아스파라거스 국산,중,22968
2024-11-07,아스파라거스 국산,중,22968
2024-11-06,아스파라거스 국산,중,22968
2024-11-05,아스파라거스 국산,중,25775
2024-11-04,아스파라거스 국산,중,25775
2024-11-02,아스파라거스 국산,중,25775
2024-11-01,아스파라거스 국산,중,25775
2024-10-31,아스파라거스 국산,중,26338
2024-10-30,아스파라거스 국산,중,26338
2024-10-29,아스파라거스 국산,중,18452
2024-10-28,아스파라거스 국산,중,18452
2024-10-26,아스파라거스 국산,중,18452
2024-10-25,아스파라거스 국산,중,18452
2024-10-24,아스파라거스 국산,중,18765
2024-10-23,아스파라거스 국산,중,19993
2024-10-22,아스파라거스 국산,중,20937
2024-10-21,아스파라거스 국산,중,21737
2024-10-19,아스파라거스 국산,중,21676
2024-10-18,아스파라거스 국산,중,19786
2024-10-17,아스파라거스 국산,중,18511
2024-10-16,아스파라거스 국산,중,24600
2024-10-15,아스파라거스 국산,중,20560
2024-10-14,아스파라거스 국산,중,17167
2024-10-12,아스파라거스 국산,중,17315
2024-10-11,아스파라거스 국산,중,16339
2024-10-10,아스파라거스 국산,중,15072
2024-10-09,아스파라거스 국산,중,13500
2024-10-08,아스파라거스 국산,중,15782
2024-10-07,아스파라거스 국산,중,16868
2024-10-05,아스파라거스 국산,중,14626
2024-10-04,아스파라거스 국산,중,22953
2024-10-03,아스파라거스 국산,중,13934
2024-10-02,아스파라거스 국산,중,14003
2024-10-01,아스파라거스 국산,중,11780
2024-09-30,아스파라거스 국산,중,10645
2024-09-28,아스파라거스 국산,중,11536
2024-09-27,아스파라거스 국산,중,15127
2024-09-26,아스파라거스 국산,중,11946
2024-09-25,아스파라거스 국산,중,10952
2024-09-24,아스파라거스 국산,중,11859
2024-09-23,아스파라거스 국산,중,11345
2024-09-21,아스파라거스 국산,중,12623
2024-09-20,아스파라거스 국산,중,12046
2024-09-16,아스파라거스 국산,중,9550
2024-09-14,아스파라거스 국산,중,6863
2024-09-13,아스파라거스 국산,중,7045
2024-09-12,아스파라거스 국산,중,9167
2024-09-11,아스파라거스 국산,중,8537
2024-09-10,아스파라거스 국산,중,10945
2024-09-09,아스파라거스 국산,중,10340
2024-09-07,아스파라거스 국산,중,8812
2024-09-06,아스파라거스 국산,중,10142
2024-09-05,아스파라거스 국산,중,8780
2024-09-04,아스파라거스 국산,중,7576
2024-09-03,아스파라거스 국산,중,8920
2024-09-02,아스파라거스 국산,중,8178
2024-08-31,아스파라거스 국산,중,9694
2024-08-30,아스파라거스 국산,중,13395
2024-08-29,아스파라거스 국산,중,14155
2024-08-28,아스파라거스 국산,중,11298
2024-08-27,아스파라거스 국산,중,11070
2024-08-26,아스파라거스 국산,중,9176
2024-08-24,아스파라거스 국산,중,9262
2024-08-23,아스파라거스 국산,중,9630
2024-08-22,아스파라거스 국산,중,14206
2024-08-21,아스파라거스 국산,중,11156
2024-08-20,아스파라거스 국산,중,10600
2024-08-19,아스파라거스 국산,중,7542
2024-08-17,아스파라거스 국산,중,8839
2024-08-16,아스파라거스 국산,중,8057
2024-08-15,아스파라거스 국산,중,8719
2024-08-14,아스파라거스 국산,중,6330
2024-08-13,아스파라거스 국산,중,6979
2024-08-12,아스파라거스 국산,중,8622
2024-08-10,아스파라거스 국산,중,9910
2024-08-09,아스파라거스 국산,중,9279
2024-08-08,아스파라거스 국산,중,6281
2024-08-07,아스파라거스 국산,중,8465
2024-08-06,아스파라거스 국산,중,6846
2024-08-05,아스파라거스 국산,중,6249
2024-08-02,아스파라거스 국산,중,3470
2024-08-01,아스파라거스 국산,중,4492
2024-07-31,아스파라거스 국산,중,4042
2024-07-30,아스파라거스 국산,중,5303
2024-07-29,아스파라거스 국산,중,4806
2024-07-27,아스파라거스 국산,중,4599
2024-07-26,아스파라거스 국산,중,4349
2024-07-25,아스파라거스 국산,중,4156
2024-07-24,아스파라거스 국산,중,5700
2024-07-23,아스파라거스 국산,중,5295
2024-07-22,아스파라거스 국산,중,4997
2024-07-20,아스파라거스 국산,중,4219
2024-07-19,아스파라거스 국산,중,4145
2024-07-18,아스파라거스 국산,중,4324
2024-07-17,아스파라거스 국산,중,6347
2024-07-16,아스파라거스 국산,중,8348
2024-07-15,아스파라거스 국산,중,8403
2024-07-13,아스파라거스 국산,중,5887
2024-07-12,아스파라거스 국산,중,4161
2024-07-11,아스파라거스 국산,중,3810
2024-07-10,아스파라거스 국산,중,3539
2024-07-09,아스파라거스 국산,중,5986
2024-07-08,아스파라거스 국산,중,4276
2024-07-06,아스파라거스 국산,중,4206
2024-07-05,아스파라거스 국산,중,6275
2024-07-04,아스파라거스 국산,중,6495
2024-07-03,아스파라거스 국산,중,6844
2024-07-02,아스파라거스 국산,중,9866
2024-07-01,아스파라거스 국산,중,6357
2024-06-29,아스파라거스 국산,중,7332
2024-06-28,아스파라거스 국산,중,7505
2024-06-27,아스파라거스 국산,중,7262
2024-06-26,아스파라거스 국산,중,6958
2024-06-25,아스파라거스 국산,중,7932
2024-06-24,아스파라거스 국산,중,8641
2024-06-22,아스파라거스 국산,중,8933
2024-06-21,아스파라거스 국산,중,9046
2024-06-20,아스파라거스 국산,중,6719
2024-06-19,아스파라거스 국산,중,6921
2024-06-18,아스파라거스 국산,중,9010
2024-06-17,아스파라거스 국산,중,9047
2024-06-15,아스파라거스 국산,중,10029
2024-06-14,아스파라거스 국산,중,11539
2024-06-13,아스파라거스 국산,중,12112
2024-06-12,아스파라거스 국산,중,11694
2024-06-11,아스파라거스 국산,중,12741
2024-06-10,아스파라거스 국산,중,13601
2024-06-08,아스파라거스 국산,중,16511
2024-06-07,아스파라거스 국산,중,18270
2024-06-06,아스파라거스 국산,중,16355
2024-06-05,아스파라거스 국산,중,15732
2024-06-04,아스파라거스 국산,중,13010
2024-06-03,아스파라거스 국산,중,11928
2024-06-01,아스파라거스 국산,중,11294
2024-05-31,아스파라거스 국산,중,12446
2024-05-30,아스파라거스 국산,중,12123
2024-05-29,아스파라거스 국산,중,10590
2024-05-28,아스파라거스 국산,중,10332
2024-05-27,아스파라거스 국산,중,10882
2024-05-25,아스파라거스 국산,중,10040
2024-05-24,아스파라거스 국산,중,11776
2024-05-23,아스파라거스 국산,중,12239
2024-05-22,아스파라거스 국산,중,11782
2024-05-21,아스파라거스 국산,중,9875
2024-05-20,아스파라거스 국산,중,11605
2024-05-18,아스파라거스 국산,중,12975
2024-05-17,아스파라거스 국산,중,9859
2024-05-16,아스파라거스 국산,중,9481
2024-05-15,아스파라거스 국산,중,9454
2024-05-14,아스파라거스 국산,중,9312
2024-05-13,아스파라거스 국산,중,10459
2024-05-11,아스파라거스 국산,중,9514
2024-05-10,아스파라거스 국산,중,11614
2024-05-09,아스파라거스 국산,중,8275
2024-05-08,아스파라거스 국산,중,6946
2024-05-07,아스파라거스 국산,중,7274
2024-05-06,아스파라거스 국산,중,6733
2024-05-04,아스파라거스 국산,중,6173
2024-05-03,아스파라거스 국산,중,5800
2024-05-02,아스파라거스 국산,중,5336
2024-05-01,아스파라거스 국산,중,5027
2024-04-30,아스파라거스 국산,중,5880
2024-04-29,아스파라거스 국산,중,6430
2024-04-27,아스파라거스 국산,중,7207
2024-04-26,아스파라거스 국산,중,8677
2024-04-25,아스파라거스 국산,중,7382
2024-04-24,아스파라거스 국산,중,6702
2024-04-23,아스파라거스 국산,중,6342
2024-04-22,아스파라거스 국산,중,6613
2024-04-20,아스파라거스 국산,중,9248
2024-04-19,아스파라거스 국산,중,9539
2024-04-18,아스파라거스 국산,중,9245
2024-04-17,아스파라거스 국산,중,7334
2024-04-16,아스파라거스 국산,중,8369
2024-04-15,아스파라거스 국산,중,7782
2024-04-13,아스파라거스 국산,중,9315
2024-04-12,아스파라거스 국산,중,9400
2024-04-11,아스파라거스 국산,중,9663
2024-04-10,아스파라거스 국산,중,10212
2024-04-09,아스파라거스 국산,중,10663
2024-04-08,아스파라거스 국산,중,13384
2024-04-06,아스파라거스 국산,중,16516
2024-04-05,아스파라거스 국산,중,19169
2024-04-04,아스파라거스 국산,중,18437
2024-04-03,아스파라거스 국산,중,14916
2024-04-02,아스파라거스 국산,중,15140
2024-04-01,아스파라거스 국산,중,14371
2024-03-30,아스파라거스 국산,중,13921
2024-03-29,아스파라거스 국산,중,15153
2024-03-28,아스파라거스 국산,중,15328
2024-03-27,아스파라거스 국산,중,13389
2024-03-26,아스파라거스 국산,중,12765
2024-03-25,아스파라거스 국산,중,12362
2024-03-23,아스파라거스 국산,중,13959
2024-03-22,아스파라거스 국산,중,16031
2024-03-21,아스파라거스 국산,중,17308
2024-03-20,아스파라거스 국산,중,15250
2024-03-19,아스파라거스 국산,중,17827
2024-03-18,아스파라거스 국산,중,17852
2024-03-16,아스파라거스 국산,중,18458
2024-03-15,아스파라거스 국산,중,20190
2024-03-14,아스파라거스 국산,중,22647
2024-03-13,아스파라거스 국산,중,21000
2024-03-12,아스파라거스 국산,중,20541
2024-03-11,아스파라거스 국산,중,24438
2024-03-09,아스파라거스 국산,중,20827
2024-03-08,아스파라거스 국산,중,22945
2024-03-07,아스파라거스 국산,중,21833
2024-03-06,아스파라거스 국산,중,21833
2024-03-05,아스파라거스 국산,중,21833
2024-03-02,아스파라거스 국산,중,23587
2024-03-01,아스파라거스 국산,중,23587
2024-02-28,아스파라거스 국산,중,22810
2024-02-27,아스파라거스 국산,중,22810
2024-02-21,아스파라거스 국산,중,23250
2024-02-20,아스파라거스 국산,중,23250
2024-02-19,아스파라거스 국산,중,23250
2024-02-17,아스파라거스 국산,중,23250
2024-02-16,아스파라거스 국산,중,23250
2024-02-15,아스파라거스 국산,중,23250
2024-02-14,아스파라거스 국산,중,23250
2023-11-22,아스파라거스 국산,중,18500
2023-11-21,아스파라거스 국산,중,18500
2023-11-20,아스파라거스 국산,중,18500
2023-11-18,아스파라거스 국산,중,18500
2023-11-17,아스파라거스 국산,중,16227
2023-11-16,아스파라거스 국산,중,16227
2023-11-15,아스파라거스 국산,중,16227
2023-11-14,아스파라거스 국산,중,20167
2023-11-13,아스파라거스 국산,중,20167
2023-11-11,아스파라거스 국산,중,20167
2023-11-10,아스파라거스 국산,중,20167
2023-11-09,아스파라거스 국산,중,20167
2023-11-08,아스파라거스 국산,중,21533
2023-11-07,아스파라거스 국산,중,38338
2023-11-06,아스파라거스 국산,중,38338
2023-11-04,아스파라거스 국산,중,36423
2023-11-03,아스파라거스 국산,중,36423
2023-11-02,아스파라거스 국산,중,28939
2023-11-01,아스파라거스 국산,중,28939
2023-10-31,아스파라거스 국산,중,28939
2023-10-30,아스파라거스 국산,중,18162
2023-10-28,아스파라거스 국산,중,18162
2023-10-27,아스파라거스 국산,중,20087
2023-10-26,아스파라거스 국산,중,21453
2023-10-25,아스파라거스 국산,중,24189
2023-10-24,아스파라거스 국산,중,24786
2023-10-23,아스파라거스 국산,중,24786
2023-10-21,아스파라거스 국산,중,21551
2023-10-20,아스파라거스 국산,중,21689
2023-10-19,아스파라거스 국산,중,16750
2023-10-18,아스파라거스 국산,중,24044
2023-10-17,아스파라거스 국산,중,14895
2023-10-16,아스파라거스 국산,중,18069
2023-10-14,아스파라거스 국산,중,17443
2023-10-13,아스파라거스 국산,중,19044
2023-10-12,아스파라거스 국산,중,21132
2023-10-11,아스파라거스 국산,중,18826
2023-10-10,아스파라거스 국산,중,23920
2023-10-09,아스파라거스 국산,중,19964
2023-10-07,아스파라거스 국산,중,19871
2023-10-06,아스파라거스 국산,중,18179
2023-10-05,아스파라거스 국산,중,19234
2023-10-04,아스파라거스 국산,중,24164
2023-10-03,아스파라거스 국산,중,24362
2023-10-02,아스파라거스 국산,중,21900
2023-09-28,아스파라거스 국산,중,18373
2023-09-27,아스파라거스 국산,중,19857
2023-09-26,아스파라거스 국산,중,15886
2023-09-25,아스파라거스 국산,중,14583
2023-09-23,아스파라거스 국산,중,12289
2023-09-22,아스파라거스 국산,중,13055
2023-09-21,아스파라거스 국산,중,12531
2023-09-20,아스파라거스 국산,중,13083
2023-09-19,아스파라거스 국산,중,12481
2023-09-18,아스파라거스 국산,중,13602
2023-09-16,아스파라거스 국산,중,12325
2023-09-15,아스파라거스 국산,중,12122
2023-09-14,아스파라거스 국산,중,11372
2023-09-13,아스파라거스 국산,중,11598
2023-09-12,아스파라거스 국산,중,11840
2023-09-11,아스파라거스 국산,중,10373
2023-09-09,아스파라거스 국산,중,8768
2023-09-08,아스파라거스 국산,중,8763
2023-09-07,아스파라거스 국산,중,10393
2023-09-06,아스파라거스 국산,중,11778
2023-09-05,아스파라거스 국산,중,11238
2023-09-04,아스파라거스 국산,중,11547
2023-09-02,아스파라거스 국산,중,10976
2023-09-01,아스파라거스 국산,중,10937
2023-08-31,아스파라거스 국산,중,10311
2023-08-30,아스파라거스 국산,중,10770
2023-08-29,아스파라거스 국산,중,8926
2023-08-28,아스파라거스 국산,중,8821
2023-08-26,아스파라거스 국산,중,9720
2023-08-25,아스파라거스 국산,중,9640
2023-08-24,아스파라거스 국산,중,9155
2023-08-23,아스파라거스 국산,중,8470
2023-08-22,아스파라거스 국산,중,8629
2023-08-21,아스파라거스 국산,중,9104
2023-08-19,아스파라거스 국산,중,9094
2023-08-18,아스파라거스 국산,중,9625
2023-08-17,아스파라거스 국산,중,7921
2023-08-16,아스파라거스 국산,중,6993
2023-08-15,아스파라거스 국산,중,6308
2023-08-14,아스파라거스 국산,중,6744
2023-08-12,아스파라거스 국산,중,6908
2023-08-11,아스파라거스 국산,중,9490
2023-08-10,아스파라거스 국산,중,9186
2023-08-09,아스파라거스 국산,중,9516
2023-08-08,아스파라거스 국산,중,10332
2023-08-07,아스파라거스 국산,중,14718
2023-08-04,아스파라거스 국산,중,13713
2023-08-03,아스파라거스 국산,중,16838
2023-08-02,아스파라거스 국산,중,14407
2023-08-01,아스파라거스 국산,중,9615
2023-07-31,아스파라거스 국산,중,9976
2023-07-29,아스파라거스 국산,중,7650
2023-07-28,아스파라거스 국산,중,6268
2023-07-27,아스파라거스 국산,중,6126
2023-07-26,아스파라거스 국산,중,6279
2023-07-25,아스파라거스 국산,중,5636
2023-07-24,아스파라거스 국산,중,5259
2023-07-22,아스파라거스 국산,중,5679
2023-07-21,아스파라거스 국산,중,5096
2023-07-20,아스파라거스 국산,중,5418
2023-07-19,아스파라거스 국산,중,5402
2023-07-18,아스파라거스 국산,중,6139
2023-07-17,아스파라거스 국산,중,5651
2023-07-15,아스파라거스 국산,중,6981
2023-07-14,아스파라거스 국산,중,6013
2023-07-13,아스파라거스 국산,중,6330
2023-07-12,아스파라거스 국산,중,4811
2023-07-11,아스파라거스 국산,중,4360
2023-07-10,아스파라거스 국산,중,5450
2023-07-08,아스파라거스 국산,중,4703
2023-07-07,아스파라거스 국산,중,6568
2023-07-06,아스파라거스 국산,중,6102
2023-07-05,아스파라거스 국산,중,5475
2023-07-04,아스파라거스 국산,중,5397
2023-07-03,아스파라거스 국산,중,6447
2023-07-01,아스파라거스 국산,중,5536
2023-06-30,아스파라거스 국산,중,7486
2023-06-29,아스파라거스 국산,중,7231
2023-06-28,아스파라거스 국산,중,8062
2023-06-27,아스파라거스 국산,중,7279
2023-06-26,아스파라거스 국산,중,9197
2023-06-24,아스파라거스 국산,중,7693
2023-06-23,아스파라거스 국산,중,8027
2023-06-22,아스파라거스 국산,중,8177
2023-06-21,아스파라거스 국산,중,10463
2023-06-20,아스파라거스 국산,중,10849
2023-06-19,아스파라거스 국산,중,13107
2023-06-17,아스파라거스 국산,중,13911
2023-06-16,아스파라거스 국산,중,15523
2023-06-15,아스파라거스 국산,중,12298
2023-06-14,아스파라거스 국산,중,13405
2023-06-13,아스파라거스 국산,중,15369
2023-06-12,아스파라거스 국산,중,18685
2023-06-10,아스파라거스 국산,중,17434
2023-06-09,아스파라거스 국산,중,18761
2023-06-08,아스파라거스 국산,중,19919
2023-06-07,아스파라거스 국산,중,19425
2023-06-06,아스파라거스 국산,중,16770
2023-06-05,아스파라거스 국산,중,14625
2023-06-03,아스파라거스 국산,중,13082
2023-06-02,아스파라거스 국산,중,12374
2023-06-01,아스파라거스 국산,중,12385
2023-05-31,아스파라거스 국산,중,10720
2023-05-30,아스파라거스 국산,중,11595
2023-05-29,아스파라거스 국산,중,12084
2023-05-27,아스파라거스 국산,중,10005
2023-05-26,아스파라거스 국산,중,11593
2023-05-25,아스파라거스 국산,중,9777
2023-05-24,아스파라거스 국산,중,8198
2023-05-23,아스파라거스 국산,중,8140
2023-05-22,아스파라거스 국산,중,8277
2023-05-20,아스파라거스 국산,중,8047
2023-05-19,아스파라거스 국산,중,7798
2023-05-18,아스파라거스 국산,중,9057
2023-05-17,아스파라거스 국산,중,8012
2023-05-16,아스파라거스 국산,중,8992
2023-05-15,아스파라거스 국산,중,9807
2023-05-13,아스파라거스 국산,중,11198
2023-05-12,아스파라거스 국산,중,11726
2023-05-11,아스파라거스 국산,중,10630
2023-05-10,아스파라거스 국산,중,9427
2023-05-09,아스파라거스 국산,중,8399
2023-05-08,아스파라거스 국산,중,8075
2023-05-06,아스파라거스 국산,중,8338
2023-05-05,아스파라거스 국산,중,10711
2023-05-04,아스파라거스 국산,중,11995
2023-05-03,아스파라거스 국산,중,8595
2023-05-02,아스파라거스 국산,중,7560
2023-05-01,아스파라거스 국산,중,6779
2023-04-29,아스파라거스 국산,중,7271
2023-04-28,아스파라거스 국산,중,8523
2023-04-27,아스파라거스 국산,중,5838
2023-04-26,아스파라거스 국산,중,5511
2023-04-25,아스파라거스 국산,중,5135
2023-04-24,아스파라거스 국산,중,4684
2023-04-22,아스파라거스 국산,중,4832
2023-04-21,아스파라거스 국산,중,6839
2023-04-20,아스파라거스 국산,중,8073
2023-04-19,아스파라거스 국산,중,8557
2023-04-18,아스파라거스 국산,중,10138
2023-04-17,아스파라거스 국산,중,9803
2023-04-15,아스파라거스 국산,중,12092
2023-04-14,아스파라거스 국산,중,11273
2023-04-13,아스파라거스 국산,중,10242
2023-04-12,아스파라거스 국산,중,9215
2023-04-11,아스파라거스 국산,중,8021
2023-04-10,아스파라거스 국산,중,7414
2023-04-08,아스파라거스 국산,중,7348
2023-04-07,아스파라거스 국산,중,7576
2023-04-06,아스파라거스 국산,중,8748
2023-04-05,아스파라거스 국산,중,9368
2023-04-04,아스파라거스 국산,중,8547
2023-04-03,아스파라거스 국산,중,10494
2023-04-01,아스파라거스 국산,중,8819
2023-03-31,아스파라거스 국산,중,10367
2023-03-30,아스파라거스 국산,중,9402
2023-03-29,아스파라거스 국산,중,10122
2023-03-28,아스파라거스 국산,중,9230
2023-03-27,아스파라거스 국산,중,10455
2023-03-25,아스파라거스 국산,중,9347
2023-03-24,아스파라거스 국산,중,10496
2023-03-23,아스파라거스 국산,중,9558
2023-03-22,아스파라거스 국산,중,11013
2023-03-21,아스파라거스 국산,중,13929
2023-03-20,아스파라거스 국산,중,14429
2023-03-18,아스파라거스 국산,중,14177
2023-03-17,아스파라거스 국산,중,14655
2023-03-16,아스파라거스 국산,중,15336
2023-03-15,아스파라거스 국산,중,13791
2023-03-14,아스파라거스 국산,중,14196
2023-03-13,아스파라거스 국산,중,14588
2023-03-11,아스파라거스 국산,중,16442
2023-03-10,아스파라거스 국산,중,16762
2023-03-09,아스파라거스 국산,중,18178
2023-03-08,아스파라거스 국산,중,18400
2023-03-07,아스파라거스 국산,중,17008
2023-03-06,아스파라거스 국산,중,16583
2023-03-04,아스파라거스 국산,중,16583
2023-03-03,아스파라거스 국산,중,15619
2023-03-02,아스파라거스 국산,중,15619
2023-03-01,아스파라거스 국산,중,15619
2023-02-28,아스파라거스 국산,중,15619
2023-02-27,아스파라거스 국산,중,14917
2023-02-25,아스파라거스 국산,중,14917
2023-02-24,아스파라거스 국산,중,14917
2023-02-23,아스파라거스 국산,중,14917
2023-02-22,아스파라거스 국산,중,14917
2022-11-17,아스파라거스 국산,중,11375
2022-11-16,아스파라거스 국산,중,11375
2022-11-15,아스파라거스 국산,중,11375
2022-11-14,아스파라거스 국산,중,11375
2022-11-12,아스파라거스 국산,중,11375
2022-11-11,아스파라거스 국산,중,32500
2022-11-10,아스파라거스 국산,중,32500
2022-11-09,아스파라거스 국산,중,32500
2022-11-05,아스파라거스 국산,중,27511
2022-11-04,아스파라거스 국산,중,27511
2022-11-03,아스파라거스 국산,중,27511
2022-11-02,아스파라거스 국산,중,27511
2022-11-01,아스파라거스 국산,중,27511
2022-10-31,아스파라거스 국산,중,27385
2022-10-29,아스파라거스 국산,중,27385
2022-10-28,아스파라거스 국산,중,27385
2022-10-27,아스파라거스 국산,중,27759
2022-10-26,아스파라거스 국산,중,25407
2022-10-25,아스파라거스 국산,중,25407
2022-10-24,아스파라거스 국산,중,23830
2022-10-22,아스파라거스 국산,중,23830
2022-10-21,아스파라거스 국산,중,25762
2022-10-20,아스파라거스 국산,중,26783
2022-10-19,아스파라거스 국산,중,30202
2022-10-18,아스파라거스 국산,중,28975
2022-10-17,아스파라거스 국산,중,24380
2022-10-15,아스파라거스 국산,중,28257
2022-10-14,아스파라거스 국산,중,25676
2022-10-13,아스파라거스 국산,중,21802
2022-10-12,아스파라거스 국산,중,23846
2022-10-11,아스파라거스 국산,중,23684
2022-10-10,아스파라거스 국산,중,21824
2022-10-08,아스파라거스 국산,중,23783
2022-10-07,아스파라거스 국산,중,26010
2022-10-06,아스파라거스 국산,중,25998
2022-10-05,아스파라거스 국산,중,23093
2022-10-04,아스파라거스 국산,중,26844
2022-10-03,아스파라거스 국산,중,19982
2022-10-01,아스파라거스 국산,중,20642
2022-09-30,아스파라거스 국산,중,22522
2022-09-29,아스파라거스 국산,중,19998
2022-09-28,아스파라거스 국산,중,17873
2022-09-27,아스파라거스 국산,중,19510
2022-09-26,아스파라거스 국산,중,20212
2022-09-24,아스파라거스 국산,중,24834
2022-09-23,아스파라거스 국산,중,15891
2022-09-22,아스파라거스 국산,중,16914
2022-09-21,아스파라거스 국산,중,13992
2022-09-20,아스파라거스 국산,중,13602
2022-09-19,아스파라거스 국산,중,12338
2022-09-17,아스파라거스 국산,중,14989
2022-09-16,아스파라거스 국산,중,15904
2022-09-15,아스파라거스 국산,중,16952
2022-09-14,아스파라거스 국산,중,15263
2022-09-13,아스파라거스 국산,중,15244
2022-09-09,아스파라거스 국산,중,8781
2022-09-08,아스파라거스 국산,중,7978
2022-09-07,아스파라거스 국산,중,11465
2022-09-06,아스파라거스 국산,중,12225
2022-09-05,아스파라거스 국산,중,13575
2022-09-03,아스파라거스 국산,중,12947
2022-09-02,아스파라거스 국산,중,13205
2022-09-01,아스파라거스 국산,중,11269
2022-08-31,아스파라거스 국산,중,13056
2022-08-30,아스파라거스 국산,중,15431
2022-08-29,아스파라거스 국산,중,14925
2022-08-27,아스파라거스 국산,중,16018
2022-08-26,아스파라거스 국산,중,14113
2022-08-25,아스파라거스 국산,중,13723
2022-08-24,아스파라거스 국산,중,13946
2022-08-23,아스파라거스 국산,중,14353
2022-08-22,아스파라거스 국산,중,17789
2022-08-20,아스파라거스 국산,중,12802
2022-08-19,아스파라거스 국산,중,16361
2022-08-18,아스파라거스 국산,중,11352
2022-08-17,아스파라거스 국산,중,11021
2022-08-16,아스파라거스 국산,중,9582
2022-08-15,아스파라거스 국산,중,9654
2022-08-13,아스파라거스 국산,중,9801
2022-08-12,아스파라거스 국산,중,8008
2022-08-11,아스파라거스 국산,중,7033
2022-08-10,아스파라거스 국산,중,7851
2022-08-09,아스파라거스 국산,중,8269
2022-08-08,아스파라거스 국산,중,9267
2022-08-06,아스파라거스 국산,중,6968
2022-08-05,아스파라거스 국산,중,6968
2022-08-04,아스파라거스 국산,중,8253
2022-08-03,아스파라거스 국산,중,6586
2022-08-02,아스파라거스 국산,중,6661
2022-08-01,아스파라거스 국산,중,7704
2022-07-30,아스파라거스 국산,중,8050
2022-07-29,아스파라거스 국산,중,9368
2022-07-28,아스파라거스 국산,중,7615
2022-07-27,아스파라거스 국산,중,7226
2022-07-26,아스파라거스 국산,중,6688
2022-07-25,아스파라거스 국산,중,7174
2022-07-23,아스파라거스 국산,중,7388
