﻿date,item,grade,price_per_kg
2025-07-23,아스파라거스 국산,상,11239
2025-07-22,아스파라거스 국산,상,11431
2025-07-21,아스파라거스 국산,상,12838
2025-07-19,아스파라거스 국산,상,11903
2025-07-18,아스파라거스 국산,상,12916
2025-07-17,아스파라거스 국산,상,13374
2025-07-16,아스파라거스 국산,상,11529
2025-07-15,아스파라거스 국산,상,12787
2025-07-14,아스파라거스 국산,상,11815
2025-07-12,아스파라거스 국산,상,11531
2025-07-11,아스파라거스 국산,상,12229
2025-07-10,아스파라거스 국산,상,12016
2025-07-09,아스파라거스 국산,상,15141
2025-07-08,아스파라거스 국산,상,14656
2025-07-07,아스파라거스 국산,상,12499
2025-07-05,아스파라거스 국산,상,10122
2025-07-04,아스파라거스 국산,상,9819
2025-07-03,아스파라거스 국산,상,9630
2025-07-02,아스파라거스 국산,상,10478
2025-07-01,아스파라거스 국산,상,9719
2025-06-30,아스파라거스 국산,상,10888
2025-06-28,아스파라거스 국산,상,12467
2025-06-27,아스파라거스 국산,상,13929
2025-06-26,아스파라거스 국산,상,16456
2025-06-25,아스파라거스 국산,상,13494
2025-06-24,아스파라거스 국산,상,14712
2025-06-23,아스파라거스 국산,상,14679
2025-06-21,아스파라거스 국산,상,14379
2025-06-20,아스파라거스 국산,상,15862
2025-06-19,아스파라거스 국산,상,17575
2025-06-18,아스파라거스 국산,상,17251
2025-06-17,아스파라거스 국산,상,18604
2025-06-16,아스파라거스 국산,상,17767
2025-06-14,아스파라거스 국산,상,16514
2025-06-13,아스파라거스 국산,상,21842
2025-06-12,아스파라거스 국산,상,19928
2025-06-11,아스파라거스 국산,상,15694
2025-06-10,아스파라거스 국산,상,13172
2025-06-09,아스파라거스 국산,상,15631
2025-06-07,아스파라거스 국산,상,15207
2025-06-06,아스파라거스 국산,상,15356
2025-06-05,아스파라거스 국산,상,16294
2025-06-04,아스파라거스 국산,상,16451
2025-06-03,아스파라거스 국산,상,18884
2025-06-02,아스파라거스 국산,상,18790
2025-05-31,아스파라거스 국산,상,14451
2025-05-30,아스파라거스 국산,상,20290
2025-05-29,아스파라거스 국산,상,20745
2025-05-28,아스파라거스 국산,상,19500
2025-05-27,아스파라거스 국산,상,17407
2025-05-26,아스파라거스 국산,상,13399
2025-05-24,아스파라거스 국산,상,15072
2025-05-23,아스파라거스 국산,상,14539
2025-05-22,아스파라거스 국산,상,12932
2025-05-21,아스파라거스 국산,상,11714
2025-05-20,아스파라거스 국산,상,10945
2025-05-19,아스파라거스 국산,상,10889
2025-05-17,아스파라거스 국산,상,10563
2025-05-16,아스파라거스 국산,상,11654
2025-05-15,아스파라거스 국산,상,10811
2025-05-14,아스파라거스 국산,상,9500
2025-05-13,아스파라거스 국산,상,9174
2025-05-12,아스파라거스 국산,상,9259
2025-05-10,아스파라거스 국산,상,10012
2025-05-09,아스파라거스 국산,상,11407
2025-05-08,아스파라거스 국산,상,12684
2025-05-07,아스파라거스 국산,상,10432
2025-05-06,아스파라거스 국산,상,12791
2025-05-05,아스파라거스 국산,상,9329
2025-05-03,아스파라거스 국산,상,12289
2025-05-02,아스파라거스 국산,상,12120
2025-05-01,아스파라거스 국산,상,12571
2025-04-30,아스파라거스 국산,상,10153
2025-04-29,아스파라거스 국산,상,10606
2025-04-28,아스파라거스 국산,상,10147
2025-04-26,아스파라거스 국산,상,11025
2025-04-25,아스파라거스 국산,상,8191
2025-04-24,아스파라거스 국산,상,6241
2025-04-23,아스파라거스 국산,상,6259
2025-04-22,아스파라거스 국산,상,7475
2025-04-21,아스파라거스 국산,상,7265
2025-04-19,아스파라거스 국산,상,12040
2025-04-18,아스파라거스 국산,상,14686
2025-04-17,아스파라거스 국산,상,13650
2025-04-16,아스파라거스 국산,상,13606
2025-04-15,아스파라거스 국산,상,16768
2025-04-14,아스파라거스 국산,상,16333
2025-04-12,아스파라거스 국산,상,12803
2025-04-11,아스파라거스 국산,상,16500
2025-04-10,아스파라거스 국산,상,16557
2025-04-09,아스파라거스 국산,상,19202
2025-04-08,아스파라거스 국산,상,16493
2025-04-07,아스파라거스 국산,상,15000
2025-04-05,아스파라거스 국산,상,14585
2025-04-04,아스파라거스 국산,상,14128
2025-04-03,아스파라거스 국산,상,14341
2025-04-02,아스파라거스 국산,상,13772
2025-04-01,아스파라거스 국산,상,13500
2025-03-31,아스파라거스 국산,상,12500
2025-03-29,아스파라거스 국산,상,12250
2025-03-28,아스파라거스 국산,상,13306
2025-03-27,아스파라거스 국산,상,14449
2025-03-26,아스파라거스 국산,상,16083
2025-03-25,아스파라거스 국산,상,18833
2025-03-24,아스파라거스 국산,상,19150
2025-03-22,아스파라거스 국산,상,22821
2025-03-21,아스파라거스 국산,상,22075
2025-03-20,아스파라거스 국산,상,23000
2025-03-19,아스파라거스 국산,상,21337
2025-03-18,아스파라거스 국산,상,20929
2025-03-17,아스파라거스 국산,상,20725
2025-03-15,아스파라거스 국산,상,22396
2025-03-14,아스파라거스 국산,상,22866
2025-03-13,아스파라거스 국산,상,23000
2025-03-12,아스파라거스 국산,상,22673
2025-03-11,아스파라거스 국산,상,21053
2025-03-10,아스파라거스 국산,상,21053
2025-03-08,아스파라거스 국산,상,20500
2025-03-07,아스파라거스 국산,상,20500
2025-03-06,아스파라거스 국산,상,21780
2025-03-04,아스파라거스 국산,상,21780
2025-03-03,아스파라거스 국산,상,21780
2025-03-01,아스파라거스 국산,상,22500
2025-02-28,아스파라거스 국산,상,22500
2025-02-27,아스파라거스 국산,상,26500
2025-02-26,아스파라거스 국산,상,26500
2025-02-25,아스파라거스 국산,상,26500
2025-02-24,아스파라거스 국산,상,26500
2025-02-17,아스파라거스 국산,상,25500
2025-02-15,아스파라거스 국산,상,25500
2025-02-14,아스파라거스 국산,상,25500
2025-02-13,아스파라거스 국산,상,25500
2025-02-11,아스파라거스 국산,상,25500
2025-02-10,아스파라거스 국산,상,25500
2025-02-08,아스파라거스 국산,상,25500
2025-02-07,아스파라거스 국산,상,25500
2025-02-06,아스파라거스 국산,상,29000
2025-02-05,아스파라거스 국산,상,29000
2025-02-04,아스파라거스 국산,상,29000
2025-02-03,아스파라거스 국산,상,29000
2024-11-13,아스파라거스 국산,상,28224
2024-11-12,아스파라거스 국산,상,28224
2024-11-11,아스파라거스 국산,상,28224
2024-11-09,아스파라거스 국산,상,28224
2024-11-08,아스파라거스 국산,상,28224
2024-11-07,아스파라거스 국산,상,28224
2024-11-06,아스파라거스 국산,상,28224
2024-11-05,아스파라거스 국산,상,29500
2024-11-04,아스파라거스 국산,상,29500
2024-11-02,아스파라거스 국산,상,29500
2024-11-01,아스파라거스 국산,상,29500
2024-10-31,아스파라거스 국산,상,29500
2024-10-30,아스파라거스 국산,상,29500
2024-10-29,아스파라거스 국산,상,21192
2024-10-28,아스파라거스 국산,상,21192
2024-10-26,아스파라거스 국산,상,21192
2024-10-25,아스파라거스 국산,상,21192
2024-10-24,아스파라거스 국산,상,23973
2024-10-23,아스파라거스 국산,상,27603
2024-10-22,아스파라거스 국산,상,27708
2024-10-21,아스파라거스 국산,상,24569
2024-10-19,아스파라거스 국산,상,24240
2024-10-18,아스파라거스 국산,상,21543
2024-10-17,아스파라거스 국산,상,23924
2024-10-16,아스파라거스 국산,상,29656
2024-10-15,아스파라거스 국산,상,25627
2024-10-14,아스파라거스 국산,상,24331
2024-10-12,아스파라거스 국산,상,23535
2024-10-11,아스파라거스 국산,상,22174
2024-10-10,아스파라거스 국산,상,20827
2024-10-09,아스파라거스 국산,상,20671
2024-10-08,아스파라거스 국산,상,21942
2024-10-07,아스파라거스 국산,상,22775
2024-10-05,아스파라거스 국산,상,21348
2024-10-04,아스파라거스 국산,상,32185
2024-10-03,아스파라거스 국산,상,21364
2024-10-02,아스파라거스 국산,상,18340
2024-10-01,아스파라거스 국산,상,14896
2024-09-30,아스파라거스 국산,상,15242
2024-09-28,아스파라거스 국산,상,14751
2024-09-27,아스파라거스 국산,상,18880
2024-09-26,아스파라거스 국산,상,16462
2024-09-25,아스파라거스 국산,상,19066
2024-09-24,아스파라거스 국산,상,20868
2024-09-23,아스파라거스 국산,상,18217
2024-09-21,아스파라거스 국산,상,18525
2024-09-20,아스파라거스 국산,상,18360
2024-09-16,아스파라거스 국산,상,12063
2024-09-14,아스파라거스 국산,상,10710
2024-09-13,아스파라거스 국산,상,11216
2024-09-12,아스파라거스 국산,상,13916
2024-09-11,아스파라거스 국산,상,12570
2024-09-10,아스파라거스 국산,상,15576
2024-09-09,아스파라거스 국산,상,15365
2024-09-07,아스파라거스 국산,상,14128
2024-09-06,아스파라거스 국산,상,15434
2024-09-05,아스파라거스 국산,상,14054
2024-09-04,아스파라거스 국산,상,10317
2024-09-03,아스파라거스 국산,상,13405
2024-09-02,아스파라거스 국산,상,11763
2024-08-31,아스파라거스 국산,상,14536
2024-08-30,아스파라거스 국산,상,21011
2024-08-29,아스파라거스 국산,상,25953
2024-08-28,아스파라거스 국산,상,27326
2024-08-27,아스파라거스 국산,상,26042
2024-08-26,아스파라거스 국산,상,21290
2024-08-24,아스파라거스 국산,상,21701
2024-08-23,아스파라거스 국산,상,20793
2024-08-22,아스파라거스 국산,상,27076
2024-08-21,아스파라거스 국산,상,21652
2024-08-20,아스파라거스 국산,상,21949
2024-08-19,아스파라거스 국산,상,15250
2024-08-17,아스파라거스 국산,상,17412
2024-08-16,아스파라거스 국산,상,15580
2024-08-15,아스파라거스 국산,상,15247
2024-08-14,아스파라거스 국산,상,12249
2024-08-13,아스파라거스 국산,상,12663
2024-08-12,아스파라거스 국산,상,12822
2024-08-10,아스파라거스 국산,상,16483
2024-08-09,아스파라거스 국산,상,15394
2024-08-08,아스파라거스 국산,상,12043
2024-08-07,아스파라거스 국산,상,14336
2024-08-06,아스파라거스 국산,상,12570
2024-08-05,아스파라거스 국산,상,11892
2024-08-02,아스파라거스 국산,상,7357
2024-08-01,아스파라거스 국산,상,8408
2024-07-31,아스파라거스 국산,상,10293
2024-07-30,아스파라거스 국산,상,10958
2024-07-29,아스파라거스 국산,상,10689
2024-07-27,아스파라거스 국산,상,10399
2024-07-26,아스파라거스 국산,상,9809
2024-07-25,아스파라거스 국산,상,9759
2024-07-24,아스파라거스 국산,상,10586
2024-07-23,아스파라거스 국산,상,10891
2024-07-22,아스파라거스 국산,상,10960
2024-07-20,아스파라거스 국산,상,8772
2024-07-19,아스파라거스 국산,상,8130
2024-07-18,아스파라거스 국산,상,7782
2024-07-17,아스파라거스 국산,상,9671
2024-07-16,아스파라거스 국산,상,11220
2024-07-15,아스파라거스 국산,상,11960
2024-07-13,아스파라거스 국산,상,7652
2024-07-12,아스파라거스 국산,상,9893
2024-07-11,아스파라거스 국산,상,10665
2024-07-10,아스파라거스 국산,상,9343
2024-07-09,아스파라거스 국산,상,11000
2024-07-08,아스파라거스 국산,상,10933
2024-07-06,아스파라거스 국산,상,9478
2024-07-05,아스파라거스 국산,상,10277
2024-07-04,아스파라거스 국산,상,10833
2024-07-03,아스파라거스 국산,상,11080
2024-07-02,아스파라거스 국산,상,11677
2024-07-01,아스파라거스 국산,상,8621
2024-06-29,아스파라거스 국산,상,11343
2024-06-28,아스파라거스 국산,상,11049
2024-06-27,아스파라거스 국산,상,10787
2024-06-26,아스파라거스 국산,상,10933
2024-06-25,아스파라거스 국산,상,11041
2024-06-24,아스파라거스 국산,상,12227
2024-06-22,아스파라거스 국산,상,12373
2024-06-21,아스파라거스 국산,상,12706
2024-06-20,아스파라거스 국산,상,11113
2024-06-19,아스파라거스 국산,상,10629
2024-06-18,아스파라거스 국산,상,11611
2024-06-17,아스파라거스 국산,상,11013
2024-06-15,아스파라거스 국산,상,12174
2024-06-14,아스파라거스 국산,상,14319
2024-06-13,아스파라거스 국산,상,15613
2024-06-12,아스파라거스 국산,상,14643
2024-06-11,아스파라거스 국산,상,14623
2024-06-10,아스파라거스 국산,상,15869
2024-06-08,아스파라거스 국산,상,18653
2024-06-07,아스파라거스 국산,상,19829
2024-06-06,아스파라거스 국산,상,18122
2024-06-05,아스파라거스 국산,상,17941
2024-06-04,아스파라거스 국산,상,13914
2024-06-03,아스파라거스 국산,상,12924
2024-06-01,아스파라거스 국산,상,12314
2024-05-31,아스파라거스 국산,상,14036
2024-05-30,아스파라거스 국산,상,12989
2024-05-29,아스파라거스 국산,상,11459
2024-05-28,아스파라거스 국산,상,11620
2024-05-27,아스파라거스 국산,상,11990
2024-05-25,아스파라거스 국산,상,10798
2024-05-24,아스파라거스 국산,상,12786
2024-05-23,아스파라거스 국산,상,13245
2024-05-22,아스파라거스 국산,상,12762
2024-05-21,아스파라거스 국산,상,10743
2024-05-20,아스파라거스 국산,상,12787
2024-05-18,아스파라거스 국산,상,13781
2024-05-17,아스파라거스 국산,상,10635
2024-05-16,아스파라거스 국산,상,9888
2024-05-15,아스파라거스 국산,상,10719
2024-05-14,아스파라거스 국산,상,9846
2024-05-13,아스파라거스 국산,상,11797
2024-05-11,아스파라거스 국산,상,10743
2024-05-10,아스파라거스 국산,상,14672
2024-05-09,아스파라거스 국산,상,10084
2024-05-08,아스파라거스 국산,상,7888
2024-05-07,아스파라거스 국산,상,8649
2024-05-06,아스파라거스 국산,상,8580
2024-05-04,아스파라거스 국산,상,7885
2024-05-03,아스파라거스 국산,상,7629
2024-05-02,아스파라거스 국산,상,7309
2024-05-01,아스파라거스 국산,상,7169
2024-04-30,아스파라거스 국산,상,7583
2024-04-29,아스파라거스 국산,상,8072
2024-04-27,아스파라거스 국산,상,8509
2024-04-26,아스파라거스 국산,상,9260
2024-04-25,아스파라거스 국산,상,8917
2024-04-24,아스파라거스 국산,상,8301
2024-04-23,아스파라거스 국산,상,8661
2024-04-22,아스파라거스 국산,상,8304
2024-04-20,아스파라거스 국산,상,11034
2024-04-19,아스파라거스 국산,상,10773
2024-04-18,아스파라거스 국산,상,10199
2024-04-17,아스파라거스 국산,상,8819
2024-04-16,아스파라거스 국산,상,9069
2024-04-15,아스파라거스 국산,상,8700
2024-04-13,아스파라거스 국산,상,10135
2024-04-12,아스파라거스 국산,상,10199
2024-04-11,아스파라거스 국산,상,11167
2024-04-10,아스파라거스 국산,상,11796
2024-04-09,아스파라거스 국산,상,12038
2024-04-08,아스파라거스 국산,상,15384
2024-04-06,아스파라거스 국산,상,18744
2024-04-05,아스파라거스 국산,상,21874
2024-04-04,아스파라거스 국산,상,19747
2024-04-03,아스파라거스 국산,상,16254
2024-04-02,아스파라거스 국산,상,16500
2024-04-01,아스파라거스 국산,상,14991
2024-03-30,아스파라거스 국산,상,14775
2024-03-29,아스파라거스 국산,상,15500
2024-03-28,아스파라거스 국산,상,15500
2024-03-27,아스파라거스 국산,상,14035
2024-03-26,아스파라거스 국산,상,13844
2024-03-25,아스파라거스 국산,상,13578
2024-03-23,아스파라거스 국산,상,16549
2024-03-22,아스파라거스 국산,상,18522
2024-03-21,아스파라거스 국산,상,20233
2024-03-20,아스파라거스 국산,상,21442
2024-03-19,아스파라거스 국산,상,22336
2024-03-18,아스파라거스 국산,상,19271
2024-03-16,아스파라거스 국산,상,21122
2024-03-15,아스파라거스 국산,상,22548
2024-03-14,아스파라거스 국산,상,23000
2024-03-13,아스파라거스 국산,상,22500
2024-03-12,아스파라거스 국산,상,23092
2024-03-11,아스파라거스 국산,상,25500
2024-03-09,아스파라거스 국산,상,23654
2024-03-08,아스파라거스 국산,상,23953
2024-03-07,아스파라거스 국산,상,23926
2024-03-06,아스파라거스 국산,상,23926
2024-03-05,아스파라거스 국산,상,23926
2024-03-02,아스파라거스 국산,상,27000
2024-03-01,아스파라거스 국산,상,27000
2024-02-28,아스파라거스 국산,상,28500
2024-02-27,아스파라거스 국산,상,28500
2024-02-21,아스파라거스 국산,상,25000
2024-02-20,아스파라거스 국산,상,25000
2024-02-19,아스파라거스 국산,상,25000
2024-02-17,아스파라거스 국산,상,25000
2024-02-16,아스파라거스 국산,상,25000
2024-02-15,아스파라거스 국산,상,25000
2024-02-14,아스파라거스 국산,상,25000
2023-11-22,아스파라거스 국산,상,18500
2023-11-21,아스파라거스 국산,상,18500
2023-11-20,아스파라거스 국산,상,18500
2023-11-18,아스파라거스 국산,상,18500
2023-11-17,아스파라거스 국산,상,17900
2023-11-16,아스파라거스 국산,상,17900
2023-11-15,아스파라거스 국산,상,17900
2023-11-14,아스파라거스 국산,상,21500
2023-11-13,아스파라거스 국산,상,21500
2023-11-11,아스파라거스 국산,상,21500
2023-11-10,아스파라거스 국산,상,21500
2023-11-09,아스파라거스 국산,상,21500
2023-11-08,아스파라거스 국산,상,28500
2023-11-07,아스파라거스 국산,상,39833
2023-11-06,아스파라거스 국산,상,39833
2023-11-04,아스파라거스 국산,상,38079
2023-11-03,아스파라거스 국산,상,38079
2023-11-02,아스파라거스 국산,상,30052
2023-11-01,아스파라거스 국산,상,30052
2023-10-31,아스파라거스 국산,상,30052
2023-10-30,아스파라거스 국산,상,27719
2023-10-28,아스파라거스 국산,상,27719
2023-10-27,아스파라거스 국산,상,25152
2023-10-26,아스파라거스 국산,상,25234
2023-10-25,아스파라거스 국산,상,26794
2023-10-24,아스파라거스 국산,상,28700
2023-10-23,아스파라거스 국산,상,28700
2023-10-21,아스파라거스 국산,상,24198
2023-10-20,아스파라거스 국산,상,26467
2023-10-19,아스파라거스 국산,상,21885
2023-10-18,아스파라거스 국산,상,27033
2023-10-17,아스파라거스 국산,상,21300
2023-10-16,아스파라거스 국산,상,24112
2023-10-14,아스파라거스 국산,상,23691
2023-10-13,아스파라거스 국산,상,23824
2023-10-12,아스파라거스 국산,상,26076
2023-10-11,아스파라거스 국산,상,24005
2023-10-10,아스파라거스 국산,상,26099
2023-10-09,아스파라거스 국산,상,24833
2023-10-07,아스파라거스 국산,상,26692
2023-10-06,아스파라거스 국산,상,26021
2023-10-05,아스파라거스 국산,상,24558
2023-10-04,아스파라거스 국산,상,31595
2023-10-03,아스파라거스 국산,상,28622
2023-10-02,아스파라거스 국산,상,26613
2023-09-28,아스파라거스 국산,상,22281
2023-09-27,아스파라거스 국산,상,23313
2023-09-26,아스파라거스 국산,상,19165
2023-09-25,아스파라거스 국산,상,16988
2023-09-23,아스파라거스 국산,상,15164
2023-09-22,아스파라거스 국산,상,15554
2023-09-21,아스파라거스 국산,상,15250
2023-09-20,아스파라거스 국산,상,15402
2023-09-19,아스파라거스 국산,상,15154
2023-09-18,아스파라거스 국산,상,17314
2023-09-16,아스파라거스 국산,상,15413
2023-09-15,아스파라거스 국산,상,14425
2023-09-14,아스파라거스 국산,상,13910
2023-09-13,아스파라거스 국산,상,15155
2023-09-12,아스파라거스 국산,상,15279
2023-09-11,아스파라거스 국산,상,14322
2023-09-09,아스파라거스 국산,상,13383
2023-09-08,아스파라거스 국산,상,14875
2023-09-07,아스파라거스 국산,상,17674
2023-09-06,아스파라거스 국산,상,22619
2023-09-05,아스파라거스 국산,상,21499
2023-09-04,아스파라거스 국산,상,24740
2023-09-02,아스파라거스 국산,상,21529
2023-09-01,아스파라거스 국산,상,21822
2023-08-31,아스파라거스 국산,상,21258
2023-08-30,아스파라거스 국산,상,22821
2023-08-29,아스파라거스 국산,상,18048
2023-08-28,아스파라거스 국산,상,17152
2023-08-26,아스파라거스 국산,상,20050
2023-08-25,아스파라거스 국산,상,22779
2023-08-24,아스파라거스 국산,상,19867
2023-08-23,아스파라거스 국산,상,18605
2023-08-22,아스파라거스 국산,상,16904
2023-08-21,아스파라거스 국산,상,15821
2023-08-19,아스파라거스 국산,상,17578
2023-08-18,아스파라거스 국산,상,16695
2023-08-17,아스파라거스 국산,상,13728
2023-08-16,아스파라거스 국산,상,11762
2023-08-15,아스파라거스 국산,상,11217
2023-08-14,아스파라거스 국산,상,10661
2023-08-12,아스파라거스 국산,상,11409
2023-08-11,아스파라거스 국산,상,16376
2023-08-10,아스파라거스 국산,상,14780
2023-08-09,아스파라거스 국산,상,14685
2023-08-08,아스파라거스 국산,상,18215
2023-08-07,아스파라거스 국산,상,24569
2023-08-04,아스파라거스 국산,상,25294
2023-08-03,아스파라거스 국산,상,26929
2023-08-02,아스파라거스 국산,상,23272
2023-08-01,아스파라거스 국산,상,15258
2023-07-31,아스파라거스 국산,상,16730
2023-07-29,아스파라거스 국산,상,11543
2023-07-28,아스파라거스 국산,상,9352
2023-07-27,아스파라거스 국산,상,8185
2023-07-26,아스파라거스 국산,상,8353
2023-07-25,아스파라거스 국산,상,7935
2023-07-24,아스파라거스 국산,상,6463
2023-07-22,아스파라거스 국산,상,7294
2023-07-21,아스파라거스 국산,상,5980
2023-07-20,아스파라거스 국산,상,6649
2023-07-19,아스파라거스 국산,상,7154
2023-07-18,아스파라거스 국산,상,8511
2023-07-17,아스파라거스 국산,상,7719
2023-07-15,아스파라거스 국산,상,9215
2023-07-14,아스파라거스 국산,상,7421
2023-07-13,아스파라거스 국산,상,7896
2023-07-12,아스파라거스 국산,상,5777
2023-07-11,아스파라거스 국산,상,5341
2023-07-10,아스파라거스 국산,상,7032
2023-07-08,아스파라거스 국산,상,6260
2023-07-07,아스파라거스 국산,상,8213
2023-07-06,아스파라거스 국산,상,8384
2023-07-05,아스파라거스 국산,상,6917
2023-07-04,아스파라거스 국산,상,6755
2023-07-03,아스파라거스 국산,상,7906
2023-07-01,아스파라거스 국산,상,6971
2023-06-30,아스파라거스 국산,상,8518
2023-06-29,아스파라거스 국산,상,8481
2023-06-28,아스파라거스 국산,상,9542
2023-06-27,아스파라거스 국산,상,9206
2023-06-26,아스파라거스 국산,상,11789
2023-06-24,아스파라거스 국산,상,9504
2023-06-23,아스파라거스 국산,상,10646
2023-06-22,아스파라거스 국산,상,10804
2023-06-21,아스파라거스 국산,상,13764
2023-06-20,아스파라거스 국산,상,13714
2023-06-19,아스파라거스 국산,상,15078
2023-06-17,아스파라거스 국산,상,15515
2023-06-16,아스파라거스 국산,상,17764
2023-06-15,아스파라거스 국산,상,14259
2023-06-14,아스파라거스 국산,상,15633
2023-06-13,아스파라거스 국산,상,18815
2023-06-12,아스파라거스 국산,상,22265
2023-06-10,아스파라거스 국산,상,19703
2023-06-09,아스파라거스 국산,상,20697
2023-06-08,아스파라거스 국산,상,21782
2023-06-07,아스파라거스 국산,상,20997
2023-06-06,아스파라거스 국산,상,19976
2023-06-05,아스파라거스 국산,상,16110
2023-06-03,아스파라거스 국산,상,14583
2023-06-02,아스파라거스 국산,상,14337
2023-06-01,아스파라거스 국산,상,13710
2023-05-31,아스파라거스 국산,상,12515
2023-05-30,아스파라거스 국산,상,12423
2023-05-29,아스파라거스 국산,상,14169
2023-05-27,아스파라거스 국산,상,11730
2023-05-26,아스파라거스 국산,상,12586
2023-05-25,아스파라거스 국산,상,11784
2023-05-24,아스파라거스 국산,상,9802
2023-05-23,아스파라거스 국산,상,9562
2023-05-22,아스파라거스 국산,상,9459
2023-05-20,아스파라거스 국산,상,9045
2023-05-19,아스파라거스 국산,상,8681
2023-05-18,아스파라거스 국산,상,9736
2023-05-17,아스파라거스 국산,상,8704
2023-05-16,아스파라거스 국산,상,9730
2023-05-15,아스파라거스 국산,상,10823
2023-05-13,아스파라거스 국산,상,13497
2023-05-12,아스파라거스 국산,상,13163
2023-05-11,아스파라거스 국산,상,12168
2023-05-10,아스파라거스 국산,상,10302
2023-05-09,아스파라거스 국산,상,8991
2023-05-08,아스파라거스 국산,상,8530
2023-05-06,아스파라거스 국산,상,9208
2023-05-05,아스파라거스 국산,상,11457
2023-05-04,아스파라거스 국산,상,12913
2023-05-03,아스파라거스 국산,상,9809
2023-05-02,아스파라거스 국산,상,8416
2023-05-01,아스파라거스 국산,상,7664
2023-04-29,아스파라거스 국산,상,8472
2023-04-28,아스파라거스 국산,상,9177
2023-04-27,아스파라거스 국산,상,6771
2023-04-26,아스파라거스 국산,상,6070
2023-04-25,아스파라거스 국산,상,6016
2023-04-24,아스파라거스 국산,상,5171
2023-04-22,아스파라거스 국산,상,5575
2023-04-21,아스파라거스 국산,상,7679
2023-04-20,아스파라거스 국산,상,8978
2023-04-19,아스파라거스 국산,상,9382
2023-04-18,아스파라거스 국산,상,12018
2023-04-17,아스파라거스 국산,상,10791
2023-04-15,아스파라거스 국산,상,12975
2023-04-14,아스파라거스 국산,상,12778
2023-04-13,아스파라거스 국산,상,12909
2023-04-12,아스파라거스 국산,상,10512
2023-04-11,아스파라거스 국산,상,8831
2023-04-10,아스파라거스 국산,상,8015
2023-04-08,아스파라거스 국산,상,7862
2023-04-07,아스파라거스 국산,상,8050
2023-04-06,아스파라거스 국산,상,9271
2023-04-05,아스파라거스 국산,상,9995
2023-04-04,아스파라거스 국산,상,9771
2023-04-03,아스파라거스 국산,상,12044
2023-04-01,아스파라거스 국산,상,10492
2023-03-31,아스파라거스 국산,상,12552
2023-03-30,아스파라거스 국산,상,10851
2023-03-29,아스파라거스 국산,상,12239
2023-03-28,아스파라거스 국산,상,10816
2023-03-27,아스파라거스 국산,상,12578
2023-03-25,아스파라거스 국산,상,10802
2023-03-24,아스파라거스 국산,상,12492
2023-03-23,아스파라거스 국산,상,11483
2023-03-22,아스파라거스 국산,상,13100
2023-03-21,아스파라거스 국산,상,15967
2023-03-20,아스파라거스 국산,상,15796
2023-03-18,아스파라거스 국산,상,16209
2023-03-17,아스파라거스 국산,상,16372
2023-03-16,아스파라거스 국산,상,16841
2023-03-15,아스파라거스 국산,상,15367
2023-03-14,아스파라거스 국산,상,15715
2023-03-13,아스파라거스 국산,상,16652
2023-03-11,아스파라거스 국산,상,18269
2023-03-10,아스파라거스 국산,상,18576
2023-03-09,아스파라거스 국산,상,19523
2023-03-08,아스파라거스 국산,상,18636
2023-03-07,아스파라거스 국산,상,18081
2023-03-06,아스파라거스 국산,상,18583
2023-03-04,아스파라거스 국산,상,18583
2023-03-03,아스파라거스 국산,상,16900
2023-03-02,아스파라거스 국산,상,16900
2023-03-01,아스파라거스 국산,상,16900
2023-02-28,아스파라거스 국산,상,16900
2023-02-27,아스파라거스 국산,상,15500
2023-02-25,아스파라거스 국산,상,15500
2023-02-24,아스파라거스 국산,상,15500
2023-02-23,아스파라거스 국산,상,15500
2023-02-22,아스파라거스 국산,상,15500
2022-11-17,아스파라거스 국산,상,12500
2022-11-16,아스파라거스 국산,상,12500
2022-11-15,아스파라거스 국산,상,12500
2022-11-14,아스파라거스 국산,상,12500
2022-11-12,아스파라거스 국산,상,12500
2022-11-11,아스파라거스 국산,상,32500
2022-11-10,아스파라거스 국산,상,32500
2022-11-09,아스파라거스 국산,상,32500
2022-11-05,아스파라거스 국산,상,30500
2022-11-04,아스파라거스 국산,상,30500
2022-11-03,아스파라거스 국산,상,30500
2022-11-02,아스파라거스 국산,상,30500
2022-11-01,아스파라거스 국산,상,30500
2022-10-31,아스파라거스 국산,상,28896
2022-10-29,아스파라거스 국산,상,28896
2022-10-28,아스파라거스 국산,상,28896
2022-10-27,아스파라거스 국산,상,29000
2022-10-26,아스파라거스 국산,상,26583
2022-10-25,아스파라거스 국산,상,26583
2022-10-24,아스파라거스 국산,상,24806
2022-10-22,아스파라거스 국산,상,24806
2022-10-21,아스파라거스 국산,상,26933
2022-10-20,아스파라거스 국산,상,30588
2022-10-19,아스파라거스 국산,상,33500
2022-10-18,아스파라거스 국산,상,31859
2022-10-17,아스파라거스 국산,상,31167
2022-10-15,아스파라거스 국산,상,29255
2022-10-14,아스파라거스 국산,상,28154
2022-10-13,아스파라거스 국산,상,25500
2022-10-12,아스파라거스 국산,상,26405
2022-10-11,아스파라거스 국산,상,27008
2022-10-10,아스파라거스 국산,상,25128
2022-10-08,아스파라거스 국산,상,26289
2022-10-07,아스파라거스 국산,상,29054
2022-10-06,아스파라거스 국산,상,30338
2022-10-05,아스파라거스 국산,상,26784
2022-10-04,아스파라거스 국산,상,29588
2022-10-03,아스파라거스 국산,상,23840
2022-10-01,아스파라거스 국산,상,25053
2022-09-30,아스파라거스 국산,상,24792
2022-09-29,아스파라거스 국산,상,23732
2022-09-28,아스파라거스 국산,상,20217
2022-09-27,아스파라거스 국산,상,24678
2022-09-26,아스파라거스 국산,상,23355
2022-09-24,아스파라거스 국산,상,30536
2022-09-23,아스파라거스 국산,상,20497
2022-09-22,아스파라거스 국산,상,19663
2022-09-21,아스파라거스 국산,상,18518
2022-09-20,아스파라거스 국산,상,17392
2022-09-19,아스파라거스 국산,상,16035
2022-09-17,아스파라거스 국산,상,18408
2022-09-16,아스파라거스 국산,상,20733
2022-09-15,아스파라거스 국산,상,22696
2022-09-14,아스파라거스 국산,상,19798
2022-09-13,아스파라거스 국산,상,20075
2022-09-09,아스파라거스 국산,상,10901
2022-09-08,아스파라거스 국산,상,11394
2022-09-07,아스파라거스 국산,상,15132
2022-09-06,아스파라거스 국산,상,17039
2022-09-05,아스파라거스 국산,상,17619
2022-09-03,아스파라거스 국산,상,17370
2022-09-02,아스파라거스 국산,상,17850
2022-09-01,아스파라거스 국산,상,16008
2022-08-31,아스파라거스 국산,상,19353
2022-08-30,아스파라거스 국산,상,23336
2022-08-29,아스파라거스 국산,상,22685
2022-08-27,아스파라거스 국산,상,29143
2022-08-26,아스파라거스 국산,상,27154
2022-08-25,아스파라거스 국산,상,27597
2022-08-24,아스파라거스 국산,상,24783
2022-08-23,아스파라거스 국산,상,24728
2022-08-22,아스파라거스 국산,상,27671
2022-08-20,아스파라거스 국산,상,20266
2022-08-19,아스파라거스 국산,상,23426
2022-08-18,아스파라거스 국산,상,17624
2022-08-17,아스파라거스 국산,상,16131
2022-08-16,아스파라거스 국산,상,14833
2022-08-15,아스파라거스 국산,상,13778
2022-08-13,아스파라거스 국산,상,15397
2022-08-12,아스파라거스 국산,상,13045
2022-08-11,아스파라거스 국산,상,10925
2022-08-10,아스파라거스 국산,상,13473
2022-08-09,아스파라거스 국산,상,14786
2022-08-08,아스파라거스 국산,상,13805
2022-08-06,아스파라거스 국산,상,11734
2022-08-05,아스파라거스 국산,상,11734
2022-08-04,아스파라거스 국산,상,11970
2022-08-03,아스파라거스 국산,상,11231
2022-08-02,아스파라거스 국산,상,12081
2022-08-01,아스파라거스 국산,상,12948
2022-07-30,아스파라거스 국산,상,13592
2022-07-29,아스파라거스 국산,상,14375
2022-07-28,아스파라거스 국산,상,13155
2022-07-27,아스파라거스 국산,상,10968
2022-07-26,아스파라거스 국산,상,10780
2022-07-25,아스파라거스 국산,상,11823
2022-07-23,아스파라거스 국산,상,12046
